dataset,contamination_method,seed,contamination,accuracy,macro_f1,minority_recall,js_divergence,wasserstein,covariance_shift,psi,mmd,c2st_accuracy,class_entropy,minority_share,early_warning_score,accuracy_drop,collapse_indicator,next_collapse_indicator,has_future_observation
breast_cancer,class_biased,7,0.0,0.9649122807017544,0.9627721335268505,0.96875,0.0,0.0,3.317092404952361e-16,0.0,0.0016973806806634961,0.39330543933054396,0.952089019338235,0.37185929648241206,0.0,0.0,0,0,True
breast_cancer,class_biased,7,0.1,0.9415204678362573,0.9383116883116882,0.953125,0.00325591493770426,0.038971182822361485,0.0639652919346339,0.005137937189069592,0.0037369709334491574,0.41422594142259417,0.935629006793289,0.35175879396984927,6.20696721141604,0.023391812865497075,0,0,True
breast_cancer,class_biased,7,0.2,0.9532163742690059,0.9503628447024673,0.953125,0.005600681912260241,0.04036982643843679,0.062153020349393996,0.012092824550550323,0.0019463875874436987,0.4225941422594142,0.9482102328059357,0.36683417085427134,6.769810471803295,0.011695906432748537,0,0,True
breast_cancer,class_biased,7,0.30000000000000004,0.9707602339181286,0.9688830658368818,0.96875,0.008871673995534752,0.07282156488637126,0.15311279829105265,0.01849863797562181,0.0029175966318437663,0.4393305439330544,0.9240472341444377,0.3391959798994975,13.781603826462085,-0.005847953216374213,0,0,True
breast_cancer,class_biased,7,0.4,0.9590643274853801,0.9561618751144478,0.9375,0.012402329627007462,0.07754912664220696,0.11923576959161547,0.023283513721658648,0.0023525000399891027,0.4602510460251046,0.916611676825607,0.3316582914572864,13.964403947442817,0.005847953216374324,0,0,True
breast_cancer,class_biased,7,0.5,0.9532163742690059,0.9500584112149533,0.9375,0.019946943020497092,0.12365515095413768,0.13183413846735284,0.04851596937858698,0.008715979067461577,0.48535564853556484,0.8769484281556181,0.2964824120603015,20.29463721729737,0.011695906432748537,0,0,True
breast_cancer,class_biased,7,0.6000000000000001,0.9415204678362573,0.9362891207153503,0.875,0.026909533960661244,0.1791088407055089,0.14395333717412606,0.07593919581376693,0.01433871487056071,0.49372384937238495,0.7667192160722682,0.2236180904522613,28.09871546474389,0.023391812865497075,0,1,True
breast_cancer,class_biased,7,0.7000000000000001,0.9298245614035088,0.922972972972973,0.84375,0.043752202978414104,0.26562887228081383,0.4049893491361587,0.15135111215626632,0.02674079020465836,0.5439330543933054,0.5794814068695803,0.13819095477386933,52.05715458263601,0.03508771929824561,1,1,True
breast_cancer,class_biased,7,0.8,0.8830409356725146,0.8706113801452784,0.765625,0.05691874434315538,0.34406073266775705,0.5128335838776423,0.23617032173610472,0.04193102760084444,0.5732217573221757,0.3946985139692754,0.07788944723618091,68.21803823717151,0.08187134502923976,1,1,True
breast_cancer,class_biased,7,0.9,0.9005847953216374,0.8876608571318159,0.75,0.0691943818405016,0.3565037191465009,0.6267090529566087,0.3200465110790464,0.05174423477129109,0.602510460251046,0.26576084870226646,0.04522613065326633,79.45268268535722,0.06432748538011701,1,1,True
breast_cancer,class_biased,7,1.0,0.6257309941520468,0.38489208633093525,0.0,0.0939987119614654,0.4122202799508013,0.7540071752656956,1.2211789323886064,0.06529462288204946,0.6317991631799164,-1.4428232973175175e-12,1.0,99.99999999958041,0.3391812865497076,1,0,False
breast_cancer,class_biased,21,0.0,0.9532163742690059,0.9497354497354498,0.921875,0.0,0.0,3.518901259627658e-16,0.0,0.0014922354820665618,0.3514644351464435,0.952089019338235,0.37185929648241206,0.0,0.0,0,0,True
breast_cancer,class_biased,21,0.1,0.9590643274853801,0.9555629802873371,0.90625,0.0026947096701829916,0.024945905309011793,0.05161796736284058,0.004681462415535445,0.001307437352178642,0.3891213389121339,0.9441745937874391,0.36180904522613067,4.570705338582746,-0.005847953216374213,0,0,True
breast_cancer,class_biased,21,0.2,0.9473684210526315,0.9432626728110599,0.90625,0.005427502863766433,0.044497586735504295,0.05977827761898872,0.012345123524289816,0.0025686354160789904,0.4351464435146444,0.9441745937874391,0.36180904522613067,6.968519915422572,0.005847953216374324,0,0,True
breast_cancer,class_biased,21,0.30000000000000004,0.9415204678362573,0.936741639538325,0.890625,0.010324561842167745,0.06642822791935346,0.10297864432730083,0.01857974781400138,0.0033620121903470412,0.4393305439330544,0.9033951094177377,0.31909547738693467,12.223129475792522,0.011695906432748537,0,0,True
breast_cancer,class_biased,21,0.4,0.935672514619883,0.9296585767174002,0.859375,0.014342204586543053,0.09459069681623555,0.14709471206993963,0.030934671601161354,0.002600169223936577,0.4351464435146444,0.8978162410084002,0.314070351758794,17.073653537282304,0.01754385964912286,0,1,True
breast_cancer,class_biased,21,0.5,0.9181286549707602,0.9094279661016949,0.8125,0.02229115619847936,0.16063655773428426,0.1606350501240566,0.057960739976699226,0.007188881199961861,0.5271966527196653,0.8249209977935611,0.25879396984924624,25.365035700803606,0.03508771929824561,1,0,True
breast_cancer,class_biased,21,0.6000000000000001,0.9590643274853801,0.9558709677419355,0.921875,0.027374748163428886,0.18084725227721854,0.19597343754285562,0.09085516424297246,0.017990019826640946,0.4769874476987448,0.752945572326186,0.21608040201005024,30.75027907976796,-0.005847953216374213,0,0,True
breast_cancer,class_biased,21,0.7000000000000001,0.9473684210526315,0.9420055017522704,0.859375,0.04579780647976381,0.2742552715824622,0.38270795526269885,0.17349938743631946,0.02825950250338849,0.5606694560669456,0.5523169188191485,0.12814070351758794,52.90303127083471,0.005847953216374324,0,1,True
breast_cancer,class_biased,21,0.8,0.9064327485380117,0.8956362526701251,0.78125,0.06429887010122,0.35294698459567847,0.6079103710659591,0.2895518469450561,0.04875614210289392,0.6108786610878661,0.35780771781530707,0.0678391959798995,75.59076620350137,0.04678362573099415,1,1,True
breast_cancer,class_biased,21,0.9,0.8830409356725146,0.8646723646723646,0.6875,0.07500850531041031,0.37041783145521556,0.6563162831126375,0.36798164166057373,0.05172397996669997,0.6359832635983264,0.1951473180429421,0.03015075376884422,84.50984825478479,0.07017543859649122,1,1,True
breast_cancer,class_biased,21,1.0,0.6257309941520468,0.38489208633093525,0.0,0.09601327944512494,0.4005448686310666,0.7564784871707206,1.4407617984209753,0.05875946532810694,0.6234309623430963,-1.4428232973175175e-12,1.0,99.99999999958547,0.32748538011695905,1,0,False
breast_cancer,class_biased,42,0.0,0.935672514619883,0.9311115180369895,0.90625,0.0,0.0,3.4437827518727953e-16,0.0,0.0006453603215406112,0.3891213389121339,0.952089019338235,0.37185929648241206,0.0,0.0,0,0,True
breast_cancer,class_biased,42,0.1,0.9239766081871345,0.9190959711758926,0.90625,0.002904286475845504,0.0244406308517003,0.04522626307556737,0.004153144190921879,0.0004199154427024787,0.4393305439330544,0.9441745937874391,0.36180904522613067,4.192171185761824,0.011695906432748537,0,0,True
breast_cancer,class_biased,42,0.2,0.9181286549707602,0.9136363636363636,0.921875,0.006490240210529459,0.04165982453514421,0.06474644160966077,0.010446283281882655,0.0008015900938400655,0.4476987447698745,0.9482102328059357,0.36683417085427134,6.977748067463313,0.01754385964912275,0,0,True
breast_cancer,class_biased,42,0.30000000000000004,0.935672514619883,0.931948916464672,0.9375,0.010753245780123497,0.0622845351146507,0.07254949344002636,0.019402647524701774,0.001029397893341777,0.4100418410041841,0.9501691764890315,0.3693467336683417,9.754177454843882,0.0,0,0,True
breast_cancer,class_biased,42,0.4,0.935672514619883,0.9306543778801843,0.890625,0.015348046522318377,0.08780772454138419,0.11913070167830304,0.034138827170652274,0.0023030562413197675,0.45188284518828453,0.916611676825607,0.3316582914572864,14.96785992737954,0.0,0,0,True
breast_cancer,class_biased,42,0.5,0.9473684210526315,0.942866688940862,0.890625,0.020694104257030502,0.1204970951285535,0.13459122178259486,0.052143328628472235,0.004728414457269237,0.4769874476987448,0.8705962868441349,0.2914572864321608,19.84318477798545,-0.011695906432748537,0,0,True
breast_cancer,class_biased,42,0.6000000000000001,0.9473684210526315,0.9424479264051457,0.875,0.029701889648322034,0.1915381005652045,0.27006944921901077,0.08937480417580941,0.00815049882154506,0.5188284518828452,0.762181032412382,0.22110552763819097,33.69532987845574,-0.011695906432748537,0,0,True
breast_cancer,class_biased,42,0.7000000000000001,0.9298245614035088,0.9217271895025938,0.8125,0.042324092362309766,0.2639966388073685,0.34073690024915637,0.14712695576035395,0.020463443190177344,0.502092050209205,0.5660569963788089,0.13316582914572864,47.60553576150547,0.005847953216374213,0,0,True
breast_cancer,class_biased,42,0.8,0.9298245614035088,0.9217271895025938,0.8125,0.06803888499087526,0.3508831303186578,0.625578386357581,0.27768129610643516,0.03618157876256434,0.5941422594142259,0.40359411598810135,0.08040201005025126,73.92409288253296,0.005847953216374213,0,1,True
breast_cancer,class_biased,42,0.9,0.8888888888888888,0.8720715045084065,0.703125,0.0825133780729174,0.38760803241554875,0.6753927999147364,0.3955176174650909,0.04435548365358155,0.6569037656903766,0.2197186678127976,0.035175879396984924,85.23049573532772,0.04678362573099415,1,1,True
breast_cancer,class_biased,42,1.0,0.6257309941520468,0.38489208633093525,0.0,0.10138900076713141,0.4133381196602092,0.7843228913300054,1.411102029092372,0.050156854706363774,0.6401673640167364,-1.4428232973175175e-12,1.0,99.99999999960536,0.3099415204678362,1,0,False
breast_cancer,class_biased,77,0.0,0.9298245614035088,0.9246031746031746,0.890625,0.0,0.0,3.561725593873049e-16,0.0,0.002549997340043797,0.4100418410041841,0.952089019338235,0.37185929648241206,0.0,0.0,0,0,True
breast_cancer,class_biased,77,0.1,0.9415204678362573,0.936741639538325,0.890625,0.0032786341624390525,0.03183152162394281,0.10000009737996447,0.004382750703593392,0.002295563510454679,0.41422594142259417,0.9462120766969797,0.36432160804020103,6.8333024174803985,-0.011695906432748537,0,0,True
breast_cancer,class_biased,77,0.2,0.9239766081871345,0.9190959711758926,0.90625,0.005146014985195404,0.03816195696027657,0.05560191543035617,0.009470952481490614,0.002609086609775879,0.3891213389121339,0.9593795191415726,0.38190954773869346,5.982268117873469,0.005847953216374324,0,0,True
breast_cancer,class_biased,77,0.30000000000000004,0.9298245614035088,0.9246031746031746,0.890625,0.009856089181639957,0.058344514481827744,0.08392598861666627,0.01930645351758823,0.004659402274035829,0.47280334728033474,0.9627928676956402,0.3869346733668342,9.696281995221732,0.0,0,0,True
breast_cancer,class_biased,77,0.4,0.9473684210526315,0.9432626728110599,0.90625,0.013006905321075573,0.08578521837992954,0.1050614260665048,0.025962157510477132,0.002722236325484406,0.4435146443514644,0.9114494478362858,0.32663316582914576,13.753353586258852,-0.01754385964912275,0,0,True
breast_cancer,class_biased,77,0.5,0.935672514619883,0.9301703975943869,0.875,0.019642750334211277,0.11341123243341494,0.19813243145358056,0.040288305201544,0.0025073033817004653,0.5397489539748954,0.8920682600632948,0.30904522613065327,21.276996139139328,-0.005847953216374213,0,0,True
breast_cancer,class_biased,77,0.6000000000000001,0.9298245614035088,0.922972972972973,0.84375,0.02725330305976818,0.19588771010430822,0.26008132986112453,0.08604119669799362,0.009339335187893205,0.5606694560669456,0.7575899631300682,0.2185929648241206,33.051715302538085,0.0,0,0,True
breast_cancer,class_biased,77,0.7000000000000001,0.935672514619883,0.9296585767174002,0.859375,0.041865642185184786,0.2682332367019107,0.40018449375456033,0.15545064080970805,0.017183640840355174,0.5774058577405857,0.6241150092401361,0.15577889447236182,49.26842329044241,-0.005847953216374213,0,0,True
breast_cancer,class_biased,77,0.8,0.9239766081871345,0.914843899636085,0.796875,0.057175622119845684,0.3274570832255624,0.6162124664301514,0.26089350835318037,0.024448198003697907,0.5690376569037657,0.3946985139692754,0.07788944723618091,69.31152941358641,0.005847953216374324,0,0,True
breast_cancer,class_biased,77,0.9,0.9181286549707602,0.9094279661016949,0.8125,0.07913516166663714,0.3626801648357294,0.6548414734169016,0.3783886627717616,0.04278385647436855,0.6150627615062761,0.24321303182303478,0.04020100502512563,81.8540733621239,0.011695906432748537,0,1,True
breast_cancer,class_biased,77,1.0,0.6257309941520468,0.38489208633093525,0.0,0.10083681119262734,0.4106834780341018,0.7837882344438705,1.3887014110325244,0.04867292138268198,0.6861924686192469,-1.4428232973175175e-12,1.0,99.99999999960335,0.30409356725146197,1,0,False
breast_cancer,class_biased,101,0.0,0.9590643274853801,0.9558709677419355,0.921875,0.0,0.0,3.1732952471867983e-16,0.0,0.0011075815139671707,0.41841004184100417,0.952089019338235,0.37185929648241206,0.0,0.0,0,0,True
breast_cancer,class_biased,101,0.1,0.9532163742690059,0.9493933116306599,0.90625,0.0035281563820875436,0.032655525893812695,0.06895919369469836,0.0050452981376532,0.0014820353138904618,0.4100418410041841,0.96110543715482,0.3844221105527638,5.755552560107858,0.005847953216374213,0,0,True
breast_cancer,class_biased,101,0.2,0.9649122807017544,0.9623015873015872,0.9375,0.0050872417299777616,0.05021061170140399,0.06068183484459785,0.011945156723697774,0.0011985402268464007,0.4435146443514644,0.935629006793289,0.35175879396984927,7.242542805649431,-0.005847953216374324,0,0,True
breast_cancer,class_biased,101,0.30000000000000004,0.9473684210526315,0.9432626728110599,0.90625,0.009964346683429227,0.08546909230079337,0.11379218626547126,0.025087050318278,0.0022058316576760717,0.4435146443514644,0.9140511859629172,0.32914572864321606,13.295266822899213,0.011695906432748537,0,0,True
breast_cancer,class_biased,101,0.4,0.9415204678362573,0.9375730140186915,0.921875,0.016407291457382848,0.10598131783529009,0.12558929555051326,0.037400968396183565,0.002806198521715819,0.49372384937238495,0.9114494478362858,0.32663316582914576,17.02540108725937,0.01754385964912275,0,0,True
breast_cancer,class_biased,101,0.5,0.9590643274853801,0.9561618751144478,0.9375,0.0246862288185199,0.18157258894874823,0.1807809531073666,0.07807211766903278,0.008605481895535894,0.497907949790795,0.8171971365313195,0.2537688442211055,27.80837836859318,0.0,0,1,True
breast_cancer,class_biased,101,0.6000000000000001,0.9239766081871345,0.9185863394982603,0.890625,0.03456743593710874,0.23591084700342008,0.29695094003574324,0.12072105930538365,0.015428314935440834,0.5104602510460251,0.7086687687825557,0.1934673366834171,40.38316438748458,0.03508771929824561,1,0,True
breast_cancer,class_biased,101,0.7000000000000001,0.9590643274853801,0.9558709677419355,0.921875,0.04742825695910851,0.30401833588688804,0.44151489289959395,0.18843301587241879,0.0225944903244224,0.5857740585774058,0.5523169188191485,0.12814070351758794,56.57020879133968,0.0,0,1,True
breast_cancer,class_biased,101,0.8,0.9122807017543859,0.9017429611185597,0.78125,0.06464981553424172,0.3558999022940215,0.5313982647050801,0.29398207829861356,0.04239056544913877,0.6192468619246861,0.3946985139692754,0.07788944723618091,71.00272323147908,0.04678362573099415,1,1,True
breast_cancer,class_biased,101,0.9,0.9064327485380117,0.8937888198757764,0.75,0.0754920548203554,0.3812550956479591,0.6674069525872186,0.37257866290037095,0.037551178494480864,0.6359832635983264,0.2545983724598302,0.04271356783919598,83.3744011153473,0.05263157894736836,1,1,True
breast_cancer,class_biased,101,1.0,0.6257309941520468,0.38489208633093525,0.0,0.09761786686584244,0.41006508854790874,0.7718154412448449,1.3305260979812525,0.049749840743893214,0.694560669456067,-1.4428232973175175e-12,1.0,99.99999999959284,0.33333333333333326,1,0,False
breast_cancer,gaussian,7,0.0,0.9649122807017544,0.9627721335268505,0.96875,0.0,0.0,3.317092404952361e-16,0.0,0.0016973806806634961,0.39330543933054396,0.952089019338235,0.37185929648241206,0.0,0.0,0,0,True
breast_cancer,gaussian,7,0.1,0.9415204678362573,0.9383116883116882,0.953125,0.00325591493770426,0.038971182822361485,0.0639652919346339,0.005137937189069592,0.0037369709334491574,0.41422594142259417,0.935629006793289,0.35175879396984927,20.88195120367721,0.023391812865497075,0,0,True
breast_cancer,gaussian,7,0.2,0.9649122807017544,0.9627721335268505,0.96875,0.005342868593348248,0.03845429885196931,0.0664065247000731,0.011745787202512214,0.001633719817785373,0.4351464435146444,0.9539698702045468,0.3743718592964824,19.87721651140058,0.0,0,0,True
breast_cancer,gaussian,7,0.30000000000000004,0.9649122807017544,0.962543808411215,0.953125,0.009200292671826114,0.058685412216777956,0.12374150399382486,0.018586786638961295,0.0014242166613116503,0.4225941422594142,0.9462120766969797,0.36432160804020103,35.744659704672024,0.0,0,0,True
breast_cancer,gaussian,7,0.4,0.9766081871345029,0.9751814223512336,0.984375,0.011715127364479126,0.0667063268591048,0.10356573101193296,0.022474897271860892,0.0016505227548015977,0.4351464435146444,0.9593795191415726,0.38190954773869346,34.298873362573126,-0.011695906432748537,0,0,True
breast_cancer,gaussian,7,0.5,0.9824561403508771,0.981329839502129,0.984375,0.015955807525186376,0.08508455746419448,0.14572446718585194,0.03840203393364889,0.0024036362930468513,0.41422594142259417,0.952089019338235,0.37185929648241206,46.695519493990254,-0.01754385964912275,0,1,True
breast_cancer,gaussian,7,0.6000000000000001,0.9298245614035088,0.9246031746031746,0.890625,0.022545875883439325,0.10744379899900044,0.16437084951611447,0.05175135268540258,0.003990315640645115,0.4769874476987448,0.9311170667146692,0.34673366834170855,61.009039888228145,0.03508771929824561,1,0,True
breast_cancer,gaussian,7,0.7000000000000001,0.9415204678362573,0.9371693121693121,0.90625,0.02510391356012717,0.10551031858317285,0.11509428360416632,0.04755711327276124,0.004461618343092555,0.4686192468619247,0.9191310790180072,0.3341708542713568,56.51464277861826,0.023391812865497075,0,0,True
breast_cancer,gaussian,7,0.8,0.9473684210526315,0.9439895185063871,0.9375,0.031672694512682766,0.12069499906782025,0.14147524100602907,0.07669165969066377,0.004362953175456985,0.5062761506276151,0.9114494478362858,0.32663316582914576,68.84047563275422,0.01754385964912286,0,1,True
breast_cancer,gaussian,7,0.9,0.9239766081871345,0.9174741062479117,0.859375,0.033182523101065745,0.14952068301939173,0.1518908956590496,0.08009824628142755,0.007274203113914135,0.46443514644351463,0.8861496665059618,0.30402010050251255,79.84229706046727,0.040935672514619936,1,0,True
breast_cancer,gaussian,7,1.0,0.9590643274853801,0.9561618751144478,0.9375,0.04257830876702735,0.18386184252629414,0.18303857408714205,0.1125404893462195,0.007804982822221529,0.5397489539748954,0.8640677271887278,0.2864321608040201,99.99999999899555,0.005847953216374324,0,0,False
breast_cancer,gaussian,21,0.0,0.9532163742690059,0.9497354497354498,0.921875,0.0,0.0,3.518901259627658e-16,0.0,0.0014922354820665618,0.3514644351464435,0.952089019338235,0.37185929648241206,0.0,0.0,0,0,True
breast_cancer,gaussian,21,0.1,0.9590643274853801,0.9555629802873371,0.90625,0.0026947096701829916,0.024945905309011793,0.05161796736284058,0.004681462415535445,0.001307437352178642,0.3891213389121339,0.9441745937874391,0.36180904522613067,20.070661402651822,-0.005847953216374213,0,0,True
breast_cancer,gaussian,21,0.2,0.9532163742690059,0.9497354497354498,0.921875,0.0055913592351513365,0.05472564046346722,0.07045466039740411,0.012912481034680016,0.00230684591269803,0.4225941422594142,0.9593795191415726,0.38190954773869346,25.73673623887417,0.0,0,0,True
breast_cancer,gaussian,21,0.30000000000000004,0.9532163742690059,0.9493933116306599,0.90625,0.00967569595128233,0.0651688432297814,0.07221338131762897,0.017526999951980083,0.001967261755038363,0.4225941422594142,0.952089019338235,0.37185929648241206,31.207732508503728,0.0,0,0,True
breast_cancer,gaussian,21,0.4,0.9590643274853801,0.9561618751144478,0.9375,0.015732113009140455,0.07989423178090387,0.12346400518472,0.030879901563986567,0.0012608785370009645,0.4476987447698745,0.9576150179289488,0.3793969849246231,46.9731068462632,-0.005847953216374213,0,0,True
breast_cancer,gaussian,21,0.5,0.9415204678362573,0.9371693121693121,0.90625,0.017795982377141844,0.09138457383412271,0.07698448442721566,0.03725143040181113,0.0018675765761460017,0.4393305439330544,0.9482102328059357,0.36683417085427134,45.778504583224645,0.011695906432748537,0,0,True
breast_cancer,gaussian,21,0.6000000000000001,0.9532163742690059,0.9500584112149533,0.9375,0.01928307498555065,0.0873627925320931,0.08975134441980356,0.04473113812643259,0.0040143470121032365,0.46443514644351463,0.9501691764890315,0.3693467336683417,47.02889760974761,0.0,0,0,True
breast_cancer,gaussian,21,0.7000000000000001,0.9473684210526315,0.9436366965757188,0.921875,0.02678248274597021,0.10570966143240108,0.1233733774453419,0.06142019535951381,0.00397753506322962,0.5146443514644351,0.9420976668766468,0.3592964824120603,66.99065269702974,0.005847953216374324,0,0,True
breast_cancer,gaussian,21,0.8,0.9415204678362573,0.9371693121693121,0.90625,0.0302966099971934,0.12496707242650316,0.17226639834639865,0.07862863655085855,0.006064709048088313,0.5564853556485355,0.9288008505148037,0.3442211055276382,89.71806720956967,0.011695906432748537,0,0,True
breast_cancer,gaussian,21,0.9,0.9415204678362573,0.936741639538325,0.890625,0.03178863318416045,0.1279360523640779,0.13882181103270536,0.08517391577937829,0.0033383350503566334,0.5230125523012552,0.9333930737583891,0.3492462311557789,83.14541070696133,0.011695906432748537,0,0,True
breast_cancer,gaussian,21,1.0,0.935672514619883,0.9306543778801843,0.890625,0.0372296312870583,0.13754740732212134,0.18730506829659543,0.10653125542282552,0.003998849971764917,0.5230125523012552,0.9441745937874391,0.36180904522613067,90.09771223900455,0.01754385964912286,0,0,False
breast_cancer,gaussian,42,0.0,0.935672514619883,0.9311115180369895,0.90625,0.0,0.0,3.4437827518727953e-16,0.0,0.0006453603215406112,0.3891213389121339,0.952089019338235,0.37185929648241206,0.0,0.0,0,0,True
breast_cancer,gaussian,42,0.1,0.9239766081871345,0.9190959711758926,0.90625,0.002904286475845504,0.0244406308517003,0.04522626307556737,0.004153144190921879,0.0004199154427024787,0.4393305439330544,0.9441745937874391,0.36180904522613067,23.458806148542124,0.011695906432748537,0,0,True
breast_cancer,gaussian,42,0.2,0.9239766081871345,0.9190959711758926,0.90625,0.0064458933884523634,0.046832383354312196,0.07455096162454734,0.01100189808180757,0.0007553741174886053,0.46443514644351463,0.9558118352384338,0.3768844221105528,24.558892210600128,0.011695906432748537,0,0,True
breast_cancer,gaussian,42,0.30000000000000004,0.9415204678362573,0.9379535558780843,0.9375,0.010739988065096098,0.06340802772746557,0.07007668942546176,0.018793783770045584,0.0008905653499706734,0.45188284518828453,0.9627928676956402,0.3869346733668342,29.01981323501251,-0.005847953216374324,0,0,True
breast_cancer,gaussian,42,0.4,0.935672514619883,0.9311115180369895,0.90625,0.015210915364896502,0.07793822053823336,0.09033052952355343,0.029436142725497962,0.0022881382053761,0.4560669456066946,0.9399811758933644,0.35678391959798994,52.65508014046203,0.0,0,0,True
breast_cancer,gaussian,42,0.5,0.9473684210526315,0.9432626728110599,0.90625,0.018013150525110808,0.09871634942953174,0.11248191818877251,0.0410755415187928,0.0015611635472505547,0.47280334728033474,0.9576150179289488,0.3793969849246231,46.57769486404776,-0.011695906432748537,0,0,True
breast_cancer,gaussian,42,0.6000000000000001,0.935672514619883,0.9311115180369895,0.90625,0.02457628392072448,0.11106000617942363,0.09551874167441457,0.056390193578147015,0.0018801537058854567,0.4393305439330544,0.9462120766969797,0.36432160804020103,56.84057103552356,0.0,0,0,True
breast_cancer,gaussian,42,0.7000000000000001,0.9415204678362573,0.9371693121693121,0.90625,0.02485125572652366,0.10449704028346189,0.1284986714415474,0.05131776883886578,0.0013305267967316237,0.47280334728033474,0.9441745937874391,0.36180904522613067,64.35400433158051,-0.005847953216374324,0,0,True
breast_cancer,gaussian,42,0.8,0.9239766081871345,0.9195759921855216,0.921875,0.03525287618173037,0.13241046870210757,0.147199586659124,0.0862136102242137,0.0031994902322733942,0.497907949790795,0.952089019338235,0.37185929648241206,68.67273844875157,0.011695906432748537,0,0,True
breast_cancer,gaussian,42,0.9,0.9181286549707602,0.9131349782293179,0.90625,0.04251780951929322,0.1413528340739778,0.1559914792996479,0.09087768133968739,0.0030204560739817143,0.5230125523012552,0.9576150179289488,0.3793969849246231,76.1226258932065,0.01754385964912275,0,0,True
breast_cancer,gaussian,42,1.0,0.9181286549707602,0.914548829240434,0.953125,0.04858340268845162,0.15919731974160298,0.1691248256811771,0.12876685336112076,0.0033772406273624433,0.5188284518828452,0.9660526367142241,0.39195979899497485,84.99999999904809,0.01754385964912275,0,0,False
breast_cancer,gaussian,77,0.0,0.9298245614035088,0.9246031746031746,0.890625,0.0,0.0,3.561725593873049e-16,0.0,0.002549997340043797,0.4100418410041841,0.952089019338235,0.37185929648241206,0.0,0.0,0,0,True
breast_cancer,gaussian,77,0.1,0.935672514619883,0.9301703975943869,0.875,0.0033033521510162462,0.032084586366053096,0.10067248565293284,0.0044452215222973435,0.0023804365818436146,0.3891213389121339,0.9482102328059357,0.36683417085427134,23.329344212702154,-0.005847953216374213,0,0,True
breast_cancer,gaussian,77,0.2,0.9239766081871345,0.9190959711758926,0.90625,0.00505033160973697,0.044387613121123624,0.05458762496558304,0.009878168539474519,0.0027901839235522363,0.40585774058577406,0.9660526367142241,0.39195979899497485,18.46581393423496,0.005847953216374324,0,0,True
breast_cancer,gaussian,77,0.30000000000000004,0.9415204678362573,0.9375730140186915,0.921875,0.010299624391772757,0.08048258014938711,0.10921085113632781,0.02283153633371238,0.005914371276382058,0.4602510460251046,0.9800715138242152,0.41708542713567837,35.91599572926084,-0.011695906432748537,0,0,True
breast_cancer,gaussian,77,0.4,0.935672514619883,0.9315427448411399,0.921875,0.013051292887629677,0.07630543836906058,0.09778616271878361,0.025532025126585,0.004179285345038863,0.47280334728033474,0.9593795191415726,0.38190954773869346,35.67056473079177,-0.005847953216374213,0,0,True
breast_cancer,gaussian,77,0.5,0.9415204678362573,0.9371693121693121,0.90625,0.019123386873975523,0.09571708131436552,0.14719511301189053,0.03759540122235226,0.005057813157206326,0.5397489539748954,0.9706558843658604,0.39949748743718594,50.59027823678151,-0.011695906432748537,0,0,True
breast_cancer,gaussian,77,0.6000000000000001,0.9122807017543859,0.9047778149014367,0.84375,0.021603317749305448,0.09822126091797838,0.1271960297406374,0.04516161357718804,0.0032684950019903347,0.5188284518828452,0.96110543715482,0.3844221105527638,49.77124149372305,0.01754385964912286,0,0,True
breast_cancer,gaussian,77,0.7000000000000001,0.9239766081871345,0.9185863394982603,0.890625,0.02326916807224835,0.10896366147537558,0.15153521037904488,0.05735171194815233,0.008065073001892076,0.40585774058577406,0.9644419039736489,0.38944723618090454,56.279742572938396,0.005847953216374324,0,0,True
breast_cancer,gaussian,77,0.8,0.9181286549707602,0.9108047690014903,0.84375,0.029420534524673955,0.11745744331221125,0.19613059350319492,0.0657763785729922,0.004234961490389377,0.4393305439330544,0.9399811758933644,0.35678391959798994,71.73424510385192,0.011695906432748537,0,0,True
breast_cancer,gaussian,77,0.9,0.9122807017543859,0.9066491975106452,0.890625,0.03739444877886702,0.1616343627456778,0.1684696155567899,0.11138427182769343,0.007500931942325595,0.5188284518828452,0.9378249978496667,0.3542713567839196,80.30344543830743,0.01754385964912286,0,0,True
breast_cancer,gaussian,77,1.0,0.9239766081871345,0.9185863394982603,0.890625,0.039447958105503125,0.17683255744978807,0.18766840483819341,0.11420433240664402,0.008643463265666007,0.606694560669456,0.8861496665059618,0.30402010050251255,98.70562947054204,0.005847953216374324,0,0,False
breast_cancer,gaussian,101,0.0,0.9590643274853801,0.9558709677419355,0.921875,0.0,0.0,3.1732952471867983e-16,0.0,0.0011075815139671707,0.41841004184100417,0.952089019338235,0.37185929648241206,0.0,0.0,0,0,True
breast_cancer,gaussian,101,0.1,0.9649122807017544,0.9623015873015872,0.9375,0.003676682048950279,0.038958071237670686,0.06518746745860038,0.00564775756966852,0.0010960679059526246,0.4435146443514644,0.9644419039736489,0.38944723618090454,18.24329179435888,-0.005847953216374324,0,0,True
breast_cancer,gaussian,101,0.2,0.9415204678362573,0.9375730140186915,0.921875,0.005338455809533061,0.04779608763264718,0.07119277794376457,0.011513568709738279,0.0012296329008949503,0.4435146443514644,0.9441745937874391,0.36180904522613067,26.607488917901247,0.01754385964912275,0,0,True
breast_cancer,gaussian,101,0.30000000000000004,0.9473684210526315,0.942866688940862,0.890625,0.009464542157773398,0.07263599721923376,0.08224309355301894,0.022404197407820077,0.002119601862204945,0.39748953974895396,0.9288008505148037,0.3442211055276382,44.371019841256334,0.011695906432748537,0,0,True
breast_cancer,gaussian,101,0.4,0.9415204678362573,0.9375730140186915,0.921875,0.015447970597941531,0.08013032227353059,0.09158487674943144,0.032335199596104695,0.0028385734973621624,0.49372384937238495,0.9378249978496667,0.3542713567839196,45.11968190949124,0.01754385964912275,0,1,True
breast_cancer,gaussian,101,0.5,0.9122807017543859,0.907203067906371,0.90625,0.019416800464344488,0.10670152127512497,0.0990379000137558,0.04650387928075383,0.0021771443633249454,0.4686192468619247,0.9333930737583891,0.3492462311557789,55.36972756223999,0.04678362573099415,1,0,True
breast_cancer,gaussian,101,0.6000000000000001,0.935672514619883,0.9323308270676691,0.953125,0.021165175815023356,0.09798423742612448,0.11434903003531911,0.051113223758743095,0.0031846567738214038,0.5104602510460251,0.9482102328059357,0.36683417085427134,48.3622173316335,0.023391812865497075,0,0,True
breast_cancer,gaussian,101,0.7000000000000001,0.9473684210526315,0.9436366965757188,0.921875,0.022660342586205275,0.10785608063804436,0.1309828206151288,0.05645542061173435,0.003556195057765388,0.5104602510460251,0.9441745937874391,0.36180904522613067,55.984871189774545,0.011695906432748537,0,0,True
breast_cancer,gaussian,101,0.8,0.9590643274853801,0.9564362921716345,0.953125,0.029571201839310536,0.12637257890387912,0.18390643923991906,0.07712439013498569,0.0025532808313319943,0.4769874476987448,0.9420976668766468,0.3592964824120603,73.06964467272849,0.0,0,1,True
breast_cancer,gaussian,101,0.9,0.9122807017543859,0.9066491975106452,0.890625,0.03607939331546014,0.14060454361146302,0.14100124767124758,0.09734116722812873,0.0033710036015426326,0.5397489539748954,0.9501691764890315,0.3693467336683417,67.14982445521377,0.04678362573099415,1,1,True
breast_cancer,gaussian,101,1.0,0.9122807017543859,0.9082125603864735,0.9375,0.044294850163150525,0.19024905859316985,0.17214528347093594,0.1343645606964255,0.006222910296856732,0.5397489539748954,0.9824235181688087,0.4221105527638191,83.08144470250983,0.04678362573099415,1,0,False
breast_cancer,tail_suppression,7,0.0,0.9649122807017544,0.9627721335268505,0.96875,0.0,0.0,3.317092404952361e-16,0.0,0.0016973806806634961,0.39330543933054396,0.952089019338235,0.37185929648241206,0.0,0.0,0,0,True
breast_cancer,tail_suppression,7,0.1,0.9590643274853801,0.9564362921716345,0.953125,0.002479583952795424,0.039955746258103754,0.059246890133573246,0.005651091427839661,0.004172794620262765,0.4225941422594142,0.935629006793289,0.35175879396984927,8.768301952197172,0.005847953216374324,0,0,True
breast_cancer,tail_suppression,7,0.2,0.9473684210526315,0.9443218407438225,0.953125,0.0032484205755826923,0.02780644717286081,0.049143296619516455,0.008109531654217038,0.0018305110457750295,0.42677824267782427,0.9539698702045468,0.3743718592964824,4.470257600702629,0.01754385964912286,0,0,True
breast_cancer,tail_suppression,7,0.30000000000000004,0.9649122807017544,0.9627721335268505,0.96875,0.006706747632708051,0.06753670818796359,0.19462132100951268,0.01769663390394859,0.002671267331848748,0.4100418410041841,0.9462120766969797,0.36432160804020103,15.46592767630546,0.0,0,0,True
breast_cancer,tail_suppression,7,0.4,0.9590643274853801,0.9566947650229731,0.96875,0.009678147119814068,0.07968825298356176,0.18953600355016456,0.030699117586331363,0.003845388901441593,0.42677824267782427,0.9593795191415726,0.38190954773869346,15.199865029885487,0.005847953216374324,0,0,True
breast_cancer,tail_suppression,7,0.5,0.9590643274853801,0.9561618751144478,0.9375,0.01457242263791329,0.10817491998626437,0.2128731449413496,0.0568266622420205,0.006070802569295264,0.4811715481171548,0.952089019338235,0.37185929648241206,18.66602611203689,0.005847953216374324,0,0,True
breast_cancer,tail_suppression,7,0.6000000000000001,0.9590643274853801,0.9558709677419355,0.921875,0.022450532437064536,0.1332599980239079,0.2340035471800028,0.0888527940023509,0.00940793272930085,0.5439330543933054,0.9311170667146692,0.34673366834170855,26.190066654013588,0.005847953216374324,0,0,True
breast_cancer,tail_suppression,7,0.7000000000000001,0.9415204678362573,0.9375730140186915,0.921875,0.041912911054974966,0.19951339009511884,0.41076743681909256,0.20066334911698727,0.018017741061250536,0.6276150627615062,0.9191310790180072,0.3341708542713568,43.410063088623986,0.023391812865497075,0,0,True
breast_cancer,tail_suppression,7,0.8,0.9532163742690059,0.9503628447024673,0.953125,0.07671813548744764,0.25729301874791627,0.4666391806499754,0.42047624074833007,0.02603446541398302,0.5899581589958159,0.9114494478362858,0.32663316582914576,55.29305914271403,0.011695906432748537,0,0,True
breast_cancer,tail_suppression,7,0.9,0.9473684210526315,0.942866688940862,0.890625,0.13202702479931214,0.327781784124277,0.5432286735733812,0.8227575946006946,0.053357836995472585,0.6317991631799164,0.8891303862356208,0.3065326633165829,74.20995927758109,0.01754385964912286,0,1,True
breast_cancer,tail_suppression,7,1.0,0.9122807017543859,0.9054377880184332,0.859375,0.2513077933235936,0.40504726833274063,0.6230585143089419,4.705706494344643,0.058444242507945,0.6317991631799164,0.8737942984971993,0.29396984924623115,99.99999999977075,0.052631578947368474,1,0,False
breast_cancer,tail_suppression,21,0.0,0.9532163742690059,0.9497354497354498,0.921875,0.0,0.0,3.518901259627658e-16,0.0,0.0014922354820665618,0.3514644351464435,0.952089019338235,0.37185929648241206,0.0,0.0,0,0,True
breast_cancer,tail_suppression,21,0.1,0.935672514619883,0.9301703975943869,0.875,0.00242387121196549,0.0277507396028293,0.052276730006670095,0.004459010133864414,0.0010847291515725388,0.3682008368200837,0.9441745937874391,0.36180904522613067,11.168196431225056,0.01754385964912286,0,0,True
breast_cancer,tail_suppression,21,0.2,0.9590643274853801,0.9558709677419355,0.921875,0.003494306602464322,0.042806682837899276,0.05503620410337336,0.010978298004864794,0.0018903721127672135,0.4393305439330544,0.9593795191415726,0.38190954773869346,6.065638108718499,-0.005847953216374213,0,0,True
breast_cancer,tail_suppression,21,0.30000000000000004,0.9532163742690059,0.9493933116306599,0.90625,0.007779261727770641,0.05327944673613668,0.12063444340712447,0.01758242732009922,0.00193618366369952,0.4351464435146444,0.952089019338235,0.37185929648241206,10.670416388014052,0.0,0,0,True
breast_cancer,tail_suppression,21,0.4,0.9473684210526315,0.942866688940862,0.890625,0.010643027684282639,0.07290205052388285,0.1688954126747416,0.02643800700570876,0.0025916572152551165,0.4895397489539749,0.9576150179289488,0.3793969849246231,14.80049208167393,0.005847953216374324,0,0,True
breast_cancer,tail_suppression,21,0.5,0.9649122807017544,0.9623015873015872,0.9375,0.013733267741827681,0.09466345238435504,0.23538261710450092,0.05009629174503931,0.00421056797380337,0.5146443514644351,0.9482102328059357,0.36683417085427134,23.16082788387978,-0.011695906432748537,0,0,True
breast_cancer,tail_suppression,21,0.6000000000000001,0.9532163742690059,0.9500584112149533,0.9375,0.022026786094294877,0.12481862673464454,0.26093991554141643,0.10001246490298678,0.010818632388657434,0.5104602510460251,0.9501691764890315,0.3693467336683417,25.842594098108712,0.0,0,0,True
breast_cancer,tail_suppression,21,0.7000000000000001,0.9590643274853801,0.9558709677419355,0.921875,0.03692980661952776,0.17455954142895463,0.3614279102470947,0.17495590250486018,0.01124192235312238,0.5564853556485355,0.9420976668766468,0.3592964824120603,42.525309053372986,-0.005847953216374213,0,0,True
breast_cancer,tail_suppression,21,0.8,0.9298245614035088,0.9235469448584203,0.859375,0.0768811007276704,0.24571105293243203,0.47200260543173206,0.4018174727399006,0.029336015804259485,0.5523012552301255,0.9333930737583891,0.3492462311557789,64.52026971229253,0.023391812865497075,0,1,True
breast_cancer,tail_suppression,21,0.9,0.9064327485380117,0.8980625931445603,0.828125,0.13541288686172182,0.301945592420141,0.4885951261269496,0.8109803819085338,0.027194330064519434,0.5355648535564853,0.935629006793289,0.35175879396984927,73.99170462636995,0.04678362573099415,1,1,True
breast_cancer,tail_suppression,21,1.0,0.9122807017543859,0.9040798773419094,0.828125,0.2605935006137683,0.3841696944761337,0.5737510498563607,4.69153423190741,0.04283156071626326,0.6736401673640168,0.9462120766969797,0.36432160804020103,89.71514742263221,0.040935672514619936,1,0,False
breast_cancer,tail_suppression,42,0.0,0.935672514619883,0.9311115180369895,0.90625,0.0,0.0,3.4437827518727953e-16,0.0,0.0006453603215406112,0.3891213389121339,0.952089019338235,0.37185929648241206,0.0,0.0,0,0,True
breast_cancer,tail_suppression,42,0.1,0.935672514619883,0.9311115180369895,0.90625,0.0027437911780356125,0.026400279343316166,0.049167885564088576,0.004836976119836175,0.0006375871254375998,0.42677824267782427,0.9441745937874391,0.36180904522613067,14.507584459425582,0.0,0,0,True
breast_cancer,tail_suppression,42,0.2,0.935672514619883,0.9311115180369895,0.90625,0.004299171488473123,0.04158368839433364,0.0623530445086076,0.010231449763878346,0.0011027821666258486,0.4686192468619247,0.9558118352384338,0.3768844221105528,6.601604424920374,0.0,0,0,True
breast_cancer,tail_suppression,42,0.30000000000000004,0.9415204678362573,0.9383116883116882,0.953125,0.005754681823459128,0.053794917569527236,0.1357135239712707,0.015118046804257147,0.002044699340076228,0.4602510460251046,0.9627928676956402,0.3869346733668342,11.492116071008333,-0.005847953216374324,0,0,True
breast_cancer,tail_suppression,42,0.4,0.9298245614035088,0.9246031746031746,0.890625,0.009538033556314739,0.08078393269861918,0.2088971807084957,0.02847276127271113,0.004721585656495053,0.4351464435146444,0.9399811758933644,0.35678391959798994,32.635781053855816,0.005847953216374213,0,0,True
breast_cancer,tail_suppression,42,0.5,0.9415204678362573,0.936741639538325,0.890625,0.010904358306122712,0.09023714827822851,0.21258306712949032,0.04362516054665201,0.006214638787177096,0.4811715481171548,0.9576150179289488,0.3793969849246231,18.62488581503708,-0.005847953216374324,0,0,True
breast_cancer,tail_suppression,42,0.6000000000000001,0.935672514619883,0.9315427448411399,0.921875,0.02236850294179759,0.13585891721405255,0.3278341142155502,0.09237819173335209,0.009322025939859202,0.48535564853556484,0.9501691764890315,0.3693467336683417,31.54324310271191,0.0,0,0,True
breast_cancer,tail_suppression,42,0.7000000000000001,0.935672514619883,0.9306543778801843,0.890625,0.03850318591164748,0.17649922329283022,0.34243699384704523,0.18535284492434725,0.013953561385130708,0.5606694560669456,0.9482102328059357,0.36683417085427134,39.38040879819174,0.0,0,0,True
breast_cancer,tail_suppression,42,0.8,0.9298245614035088,0.9259740259740259,0.9375,0.07556006361404657,0.24024988922107257,0.46828595136580853,0.38561831741643576,0.021799763712300857,0.5690376569037657,0.9539698702045468,0.3743718592964824,49.94044339426006,0.005847953216374213,0,0,True
breast_cancer,tail_suppression,42,0.9,0.935672514619883,0.9306543778801843,0.890625,0.14296944482091228,0.30424802215407293,0.49599763799672086,0.8837255460652241,0.034316645986529615,0.6903765690376569,0.9593795191415726,0.38190954773869346,63.72224282341388,0.0,0,0,True
breast_cancer,tail_suppression,42,1.0,0.935672514619883,0.9301703975943869,0.875,0.251452094549506,0.3751342395559936,0.563867744486322,4.764916260930472,0.046635338003699234,0.6652719665271967,0.9660526367142241,0.39195979899497485,84.99999999976085,0.0,0,0,False
breast_cancer,tail_suppression,77,0.0,0.9298245614035088,0.9246031746031746,0.890625,0.0,0.0,3.561725593873049e-16,0.0,0.002549997340043797,0.4100418410041841,0.952089019338235,0.37185929648241206,0.0,0.0,0,0,True
breast_cancer,tail_suppression,77,0.1,0.9298245614035088,0.9246031746031746,0.890625,0.002554552041970333,0.028677530006627802,0.09372949910433456,0.004068381895208776,0.0019161679284103172,0.41422594142259417,0.9482102328059357,0.36683417085427134,7.80315600388457,0.0,0,0,True
breast_cancer,tail_suppression,77,0.2,0.9181286549707602,0.912037037037037,0.875,0.0037639297617123326,0.04490683495401317,0.09235647257032567,0.010237065217425954,0.0021715788706042627,0.3682008368200837,0.9660526367142241,0.39195979899497485,7.809133045215566,0.011695906432748537,0,0,True
breast_cancer,tail_suppression,77,0.30000000000000004,0.9298245614035088,0.9246031746031746,0.890625,0.00664938434763568,0.06580755468829248,0.08314986319919704,0.017440692749872908,0.005120222712838185,0.4476987447698745,0.9800715138242152,0.41708542713567837,9.081292295214888,0.0,0,0,True
breast_cancer,tail_suppression,77,0.4,0.935672514619883,0.931948916464672,0.9375,0.009974684117908304,0.07498921948724861,0.18814525047692066,0.03447020078633605,0.004081016944241123,0.5062761506276151,0.9593795191415726,0.38190954773869346,15.126566258523882,-0.005847953216374213,0,0,True
breast_cancer,tail_suppression,77,0.5,0.9239766081871345,0.9174741062479117,0.859375,0.01706346761907213,0.1165268477572588,0.27626343586580004,0.06607451836892228,0.008860523813214893,0.4560669456066946,0.9706558843658604,0.39949748743718594,22.92780466186968,0.005847953216374324,0,0,True
breast_cancer,tail_suppression,77,0.6000000000000001,0.9181286549707602,0.912037037037037,0.875,0.02412740073878473,0.1444143806443641,0.34633207633670504,0.1026865598564582,0.007691147309805801,0.497907949790795,0.96110543715482,0.3844221105527638,28.97543504998748,0.011695906432748537,0,0,True
breast_cancer,tail_suppression,77,0.7000000000000001,0.9415204678362573,0.9371693121693121,0.90625,0.03986368977840931,0.17418058983208143,0.3669555176516187,0.19395570466496356,0.0130646550464657,0.4686192468619247,0.9644419039736489,0.38944723618090454,33.852362660822024,-0.011695906432748537,0,0,True
breast_cancer,tail_suppression,77,0.8,0.9005847953216374,0.893535982420802,0.859375,0.08039879763707078,0.2504635293948652,0.5061410669686558,0.4283643681655189,0.022462578881287998,0.5564853556485355,0.9399811758933644,0.35678391959798994,54.046715603179074,0.0292397660818714,0,0,True
breast_cancer,tail_suppression,77,0.9,0.9181286549707602,0.912037037037037,0.875,0.13084748065751847,0.29740885872711764,0.5082372568050483,0.766675812096096,0.027252566443147996,0.5481171548117155,0.9399811758933644,0.35678391959798994,63.46837280832944,0.011695906432748537,0,0,True
breast_cancer,tail_suppression,77,1.0,0.9005847953216374,0.891290527654164,0.8125,0.24106019903543388,0.38571361205543736,0.6254278820377492,4.433358926295288,0.05185761596977323,0.5857740585774058,0.9006267231008596,0.3165829145728643,99.99999999976276,0.0292397660818714,0,0,False
breast_cancer,tail_suppression,101,0.0,0.9590643274853801,0.9558709677419355,0.921875,0.0,0.0,3.1732952471867983e-16,0.0,0.0011075815139671707,0.41841004184100417,0.952089019338235,0.37185929648241206,0.0,0.0,0,0,True
breast_cancer,tail_suppression,101,0.1,0.9590643274853801,0.9558709677419355,0.921875,0.0026895714432988165,0.0352461845440371,0.09445722427285924,0.005234326446873461,0.0012985989483997873,0.4225941422594142,0.9644419039736489,0.38944723618090454,7.486854656606486,0.0,0,0,True
breast_cancer,tail_suppression,101,0.2,0.9473684210526315,0.9436366965757188,0.921875,0.0047816900117102394,0.04819494364125909,0.07711276781996172,0.011882730007443866,0.0011894076811365117,0.4686192468619247,0.9441745937874391,0.36180904522613067,12.771221978429162,0.011695906432748537,0,0,True
breast_cancer,tail_suppression,101,0.30000000000000004,0.9590643274853801,0.9566947650229731,0.96875,0.006074558675767427,0.07255554992836144,0.14991067724963733,0.018623043375190163,0.003061263207943643,0.48535564853556484,0.9288008505148037,0.3442211055276382,28.170165662706847,0.0,0,0,True
breast_cancer,tail_suppression,101,0.4,0.9590643274853801,0.9558709677419355,0.921875,0.010480484609294934,0.0883390543004776,0.18885196338611776,0.03307502182640292,0.0068441770994072115,0.4769874476987448,0.9378249978496667,0.3542713567839196,25.91474458146396,0.0,0,0,True
breast_cancer,tail_suppression,101,0.5,0.9590643274853801,0.9566947650229731,0.96875,0.014622239958087422,0.12445138576986163,0.30271948947879546,0.06564945791948462,0.005785596959288597,0.4895397489539749,0.935629006793289,0.35175879396984927,36.04842510207372,0.0,0,0,True
breast_cancer,tail_suppression,101,0.6000000000000001,0.9298245614035088,0.9271099744245523,0.984375,0.021585278173898093,0.14107825612901903,0.3021753025486367,0.10302839368039916,0.009100426640223924,0.4895397489539749,0.9482102328059357,0.36683417085427134,29.814436145114925,0.029239766081871288,0,0,True
breast_cancer,tail_suppression,101,0.7000000000000001,0.935672514619883,0.9311115180369895,0.90625,0.043420018598823905,0.19472224403224214,0.4086179587201298,0.22828527831210663,0.01415635279237426,0.5606694560669456,0.9462120766969797,0.36432160804020103,42.66017883798467,0.023391812865497075,0,0,True
breast_cancer,tail_suppression,101,0.8,0.9415204678362573,0.9379535558780843,0.9375,0.06847287539123159,0.24026686997581062,0.45112992168594185,0.3940748621893126,0.028469601281389867,0.6108786610878661,0.9420976668766468,0.3592964824120603,53.4158738532381,0.01754385964912275,0,0,True
breast_cancer,tail_suppression,101,0.9,0.9298245614035088,0.9240899674459899,0.875,0.13506385890411673,0.3095465547490638,0.5286591673598546,0.8254875744096747,0.03398698553081947,0.6485355648535565,0.952089019338235,0.37185929648241206,63.34062244709766,0.029239766081871288,0,1,True
breast_cancer,tail_suppression,101,1.0,0.8888888888888888,0.8732888732888733,0.71875,0.25395458873884835,0.38658311739330586,0.5795169083415093,4.481201283107001,0.0465590056109737,0.698744769874477,0.9835434843450617,0.42462311557788945,84.99999999976544,0.07017543859649122,1,0,False
digits,class_biased,7,0.0,0.9648148148148148,0.9644772780561676,0.9038461538461539,0.0,0.0,1.9103668397398476e-15,0.0,0.002293670964605088,0.4642857142857143,3.3217810529560987,0.09705648369132856,0.0,0.0,0,0,True
digits,class_biased,7,0.1,0.9629629629629629,0.9628648971480924,0.9615384615384616,0.011195085623081469,0.02692147403731405,0.06032181674931882,0.0014749912011055558,0.0023321439201540173,0.44805194805194803,3.3215621024470896,0.09626093874303898,4.941801476086737,0.0018518518518518823,0,0,True
digits,class_biased,7,0.2,0.9648148148148148,0.9649620627290698,0.9615384615384616,0.02251613736495347,0.05370579142253895,0.1047816484217964,0.004846382508898691,0.0036602246730672583,0.4383116883116883,3.320524916903542,0.09387430389817025,9.305589231271254,0.0,0,0,True
digits,class_biased,7,0.30000000000000004,0.9425925925925925,0.9423377299003212,0.8846153846153846,0.03642147542713619,0.07732213966001689,0.1393414835860668,0.009977987033426717,0.002873204909391802,0.4805194805194805,3.316680541259952,0.0883054892601432,13.461297361408677,0.022222222222222254,0,0,True
digits,class_biased,7,0.4,0.9648148148148148,0.9648036652058938,0.9423076923076923,0.04748945441677331,0.10358565706039388,0.1716920239512286,0.017882721305005508,0.00257890686476836,0.5032467532467533,3.311368907173819,0.08194112967382657,17.340029689426466,0.0,0,0,True
digits,class_biased,7,0.5,0.9518518518518518,0.951994439797757,0.9615384615384616,0.061715490664596015,0.12492459116549787,0.17314862098266653,0.027520503492610544,0.0031711723826268745,0.5162337662337663,3.307339337774568,0.07796340493237867,20.187338638988454,0.012962962962962954,0,0,True
digits,class_biased,7,0.6000000000000001,0.9462962962962963,0.9457687748764926,0.9423076923076923,0.07899603036445714,0.14961332506595182,0.23034943310291042,0.036539539595388956,0.0024155720355096832,0.44805194805194803,3.297813501225738,0.07796340493237867,25.669840687987488,0.01851851851851849,0,0,True
digits,class_biased,7,0.7000000000000001,0.9444444444444444,0.9439075253957272,0.9038461538461539,0.09822918680108121,0.1799397981344918,0.3221185958640569,0.05085978108044905,0.0040370743789657215,0.5292207792207793,3.2654148230175983,0.060461416070007955,33.07450052556438,0.020370370370370372,0,1,True
digits,class_biased,7,0.8,0.9092592592592592,0.9083794849617863,0.7115384615384616,0.12095612644102845,0.22883289486639347,0.49655760279582,0.07912471493109884,0.00455524890200798,0.551948051948052,3.0640986986074097,0.035003977724741446,45.782814959114845,0.05555555555555558,1,1,True
digits,class_biased,7,0.9,0.8055555555555556,0.806220778676661,0.4807692307692308,0.16641396881701717,0.3514166968736999,0.7046963093955045,0.20536679776712452,0.0325207544666557,0.7077922077922078,2.0310186257701988,0.011137629276054098,70.46920460770517,0.1592592592592592,1,1,True
digits,class_biased,7,1.0,0.20185185185185187,0.06708325048995938,0.0,0.2527512680477822,0.49221708049985863,0.8062512279929911,0.6868427812383008,0.08218189720635949,0.8603896103896104,0.4089822205936302,0.08194112967382657,99.9999999997933,0.762962962962963,1,0,False
digits,class_biased,21,0.0,0.9462962962962963,0.9459776952516812,0.8846153846153846,0.0,0.0,2.0694129414858713e-15,0.0,0.002180867358883898,0.4512987012987013,3.3217810529560987,0.09705648369132856,0.0,0.0,0,0,True
digits,class_biased,21,0.1,0.9555555555555556,0.9552934873548233,0.8846153846153846,0.011194019107021306,0.024819786702015866,0.05002632145974494,0.0018272359535964097,0.003843928051215917,0.4902597402597403,3.321220927752726,0.09307875894988067,4.037210723555883,-0.0092592592592593,0,0,True
digits,class_biased,21,0.2,0.95,0.9499823397500805,0.8653846153846154,0.024013949366315443,0.05077497566867675,0.08812139758350009,0.005792124496044825,0.003164494981965138,0.4675324675324675,3.3204613410679755,0.09148766905330151,7.889652270919184,-0.0037037037037036535,0,0,True
digits,class_biased,21,0.30000000000000004,0.95,0.9500036463789276,0.8653846153846154,0.04010021815156655,0.07903140992223567,0.1483194835257397,0.011928427805784058,0.0029378813069567133,0.5097402597402597,3.31682975150675,0.08432776451869531,12.96205266715872,-0.0037037037037036535,0,0,True
digits,class_biased,21,0.4,0.9296296296296296,0.9293843401215263,0.8269230769230769,0.05337065046644963,0.1008904790804932,0.16736861885942822,0.017835203555043463,0.0025734534463004444,0.4805194805194805,3.3200483926224185,0.09069212410501193,16.001439512279656,0.01666666666666672,0,0,True
digits,class_biased,21,0.5,0.95,0.9498695481103857,0.9230769230769231,0.0705704721579608,0.11914859983811911,0.18960247792660448,0.026326818707276305,0.004298545878620663,0.5324675324675324,3.3175109791168085,0.08194112967382657,19.423436133279164,-0.0037037037037036535,0,0,True
digits,class_biased,21,0.6000000000000001,0.9259259259259259,0.9256128390059846,0.8076923076923077,0.08414978590080555,0.14623807221797025,0.18341721509679232,0.042798494685005996,0.003133340246076255,0.4707792207792208,3.304755874806692,0.07716785998408911,21.94734579312349,0.020370370370370372,0,0,True
digits,class_biased,21,0.7000000000000001,0.9462962962962963,0.9464280740160893,0.8846153846153846,0.11277489500048529,0.17624317425997416,0.2437541202898984,0.05364740221125663,0.006478841391152956,0.5422077922077922,3.263895347017569,0.06284805091487669,28.5971298843857,0.0,0,1,True
digits,class_biased,21,0.8,0.9111111111111111,0.9109084067864615,0.9615384615384616,0.13343700839415928,0.22336082066913127,0.3683034063301217,0.084671740799855,0.014180742049405337,0.5844155844155844,3.0851790813114683,0.0405727923627685,38.05083204952753,0.03518518518518521,1,1,True
digits,class_biased,21,0.9,0.8240740740740741,0.820345319731889,0.9807692307692307,0.18598556241193026,0.36340146633265713,0.6619434328021588,0.2104816835463032,0.04068885200622718,0.7142857142857143,2.0653783489020876,0.011137629276054098,64.90014797930573,0.12222222222222223,1,1,True
digits,class_biased,21,1.0,0.2111111111111111,0.09118925574315132,0.15384615384615385,0.28576086136444057,0.5417520287996425,0.875585787133158,0.8473627949033409,0.14242949048995057,0.8928571428571429,0.1410654141550263,0.0007955449482895784,99.99999999981462,0.7351851851851852,1,0,False
digits,class_biased,42,0.0,0.9611111111111111,0.9606768217348911,0.8461538461538461,0.0,0.0,1.2128444309253064e-15,0.0,0.0028173191110001383,0.44155844155844154,3.3217810529560987,0.09705648369132856,0.0,0.0,0,0,True
digits,class_biased,42,0.1,0.9629629629629629,0.962561652201608,0.8846153846153846,0.011228157087763427,0.027367417182829052,0.159742371062336,0.0017058192771018477,0.0034714600207716995,0.4642857142857143,3.3206105521818694,0.08989657915672236,6.794045863887778,-0.0018518518518517713,0,0,True
digits,class_biased,42,0.2,0.95,0.9499552187713837,0.8653846153846154,0.02372398076008474,0.04797054150358487,0.08713211313515064,0.004841975808718014,0.0029787307942297225,0.5292207792207793,3.319930824441845,0.09307875894988067,7.041475350067554,0.011111111111111183,0,0,True
digits,class_biased,42,0.30000000000000004,0.9555555555555556,0.9553369221913245,0.8846153846153846,0.03634200878688904,0.07297905415291608,0.14684861106299604,0.010295261028934575,0.003715762005797707,0.43506493506493504,3.320509040173893,0.09228321400159109,11.12519125516757,0.005555555555555536,0,0,True
digits,class_biased,42,0.4,0.9425925925925925,0.9418923845633375,0.8076923076923077,0.04806713177766912,0.09644046188734053,0.12096527641770606,0.019914486196589847,0.0050278367416305425,0.4512987012987013,3.3195119727824727,0.08989657915672236,12.69954279170286,0.0185185185185186,0,0,True
digits,class_biased,42,0.5,0.9388888888888889,0.938470685855369,0.7884615384615384,0.0658025833022231,0.1216766774742675,0.1454836331186594,0.0249257768927021,0.0026584537340874625,0.4707792207792208,3.315339092832708,0.0883054892601432,16.39885275168477,0.022222222222222254,0,1,True
digits,class_biased,42,0.6000000000000001,0.9222222222222223,0.9219540131987713,0.7884615384615384,0.08257491720001714,0.14350201532790452,0.16891567210550784,0.03518424985929044,0.0036283367408733724,0.44155844155844154,3.3085899438352064,0.08194112967382657,19.828355952070755,0.03888888888888886,1,1,True
digits,class_biased,42,0.7000000000000001,0.9203703703703704,0.919808110921464,0.7692307692307693,0.10119948550394772,0.16212863548679168,0.2145707741257805,0.048652543912438756,0.004453061784746248,0.5032467532467533,3.2855718058353944,0.07159904534606205,24.004230104498117,0.040740740740740744,1,1,True
digits,class_biased,42,0.8,0.9185185185185185,0.9183307788088528,0.7692307692307693,0.12021205623137064,0.2151318730379032,0.32431691553404174,0.0746346419054619,0.00522476044328557,0.5097402597402597,3.124827700253189,0.046937151949085126,32.10558548127802,0.042592592592592626,1,1,True
digits,class_biased,42,0.9,0.8611111111111112,0.8542530404510489,0.40384615384615385,0.15901022090449318,0.3798395235529717,0.6772769613977859,0.25855758051661704,0.06552812958340093,0.7207792207792207,2.0185833157906625,0.013524264120922832,58.200977048429046,0.09999999999999998,1,1,True
digits,class_biased,42,1.0,0.17407407407407408,0.063006993006993,0.0,0.2783250852142216,0.5764337192893401,1.0912605925836159,1.69319804087092,0.1645116473876258,0.9285714285714286,0.04677840199304735,0.0007955449482895784,99.99999999982136,0.7870370370370371,1,0,False
digits,class_biased,77,0.0,0.975925925925926,0.9759045254609774,0.9423076923076923,0.0,0.0,2.0847950494130378e-15,0.0,0.003086337954512075,0.474025974025974,3.3217810529560987,0.09705648369132856,0.0,0.0,0,0,True
digits,class_biased,77,0.1,0.9685185185185186,0.9686124968858412,0.9230769230769231,0.010730935094038604,0.027268333344910425,0.06976109109751853,0.0016772060880810677,0.002643474385612299,0.45454545454545453,3.3213734560915023,0.09626093874303898,4.037841586321926,0.007407407407407418,0,0,True
digits,class_biased,77,0.2,0.9648148148148148,0.9648369247910061,0.9038461538461539,0.021671337528121212,0.055363224266563024,0.13335296844939754,0.005386999358555191,0.003702232880648193,0.4642857142857143,3.320152577311091,0.08910103420843278,8.021698286836777,0.011111111111111183,0,0,True
digits,class_biased,77,0.30000000000000004,0.9481481481481482,0.9479365707477051,0.8461538461538461,0.032577489701476885,0.0791726559559085,0.12929743676788846,0.011221268975026264,0.0037533920290699907,0.4577922077922078,3.316403812101425,0.08512330946698489,10.45004746462603,0.02777777777777779,0,0,True
digits,class_biased,77,0.4,0.9629629629629629,0.9627671142972778,0.9038461538461539,0.04844440635457573,0.10226695577440843,0.15472210693641134,0.016407173340430816,0.003274803786755376,0.525974025974026,3.314439390624464,0.081145584725537,14.036977769514156,0.012962962962963065,0,0,True
digits,class_biased,77,0.5,0.9481481481481482,0.9479867921785632,0.8269230769230769,0.06156093904278703,0.12596011636701065,0.20765189507648063,0.026233610759557994,0.003781848110343322,0.512987012987013,3.306351365928742,0.07716785998408911,17.897888653997093,0.02777777777777779,0,0,True
digits,class_biased,77,0.6000000000000001,0.9555555555555556,0.955055083467027,0.8269230769230769,0.07734540434201317,0.15266802982634686,0.2222547615134462,0.03898809842416937,0.0032936818926270206,0.5064935064935064,3.2899760431574103,0.06841686555290374,21.506074854933328,0.020370370370370372,0,0,True
digits,class_biased,77,0.7000000000000001,0.9481481481481482,0.9478392496510656,0.8269230769230769,0.09719217538634795,0.17802654182999972,0.27413527819956773,0.05107540161460391,0.0033520827435751244,0.5616883116883117,3.2499420620666077,0.06364359586316627,26.419461720207316,0.02777777777777779,0,1,True
digits,class_biased,77,0.8,0.9333333333333333,0.9327448622485045,0.75,0.11131145149865561,0.2104340867434836,0.4102291519619992,0.07156819562743688,0.006910785064655922,0.577922077922078,3.0524400555451248,0.03579952267303103,33.47052285185718,0.042592592592592626,1,1,True
digits,class_biased,77,0.9,0.8222222222222222,0.8084355897182576,0.21153846153846154,0.15536680615163473,0.3139494107652629,0.7421116106030574,0.13968537667678127,0.020885580735982012,0.6493506493506493,2.2864730438668897,0.012728719172633254,54.49780289002468,0.1537037037037038,1,1,True
digits,class_biased,77,1.0,0.29444444444444445,0.15723342785773337,0.0,0.24373479582051522,0.5184885489732631,1.494745751778354,0.5075145748567309,0.08183699448964532,0.8993506493506493,0.41492724996783376,0.0007955449482895784,99.99999999980864,0.6814814814814816,1,0,False
digits,class_biased,101,0.0,0.9648148148148148,0.9647524112119752,0.9423076923076923,0.0,0.0,1.5698405051835362e-15,0.0,0.0026749564904782197,0.4772727272727273,3.3217810529560987,0.09705648369132856,0.0,0.0,0,0,True
digits,class_biased,101,0.1,0.9666666666666667,0.9663626704387174,0.9038461538461539,0.011359466836788765,0.02782864732344585,0.06865649940042831,0.0020091412170411336,0.0025178139360029217,0.4318181818181818,3.320978583312526,0.09466984884645982,4.096773174232159,-0.0018518518518518823,0,0,True
digits,class_biased,101,0.2,0.9574074074074074,0.957461616783811,0.9423076923076923,0.022060298654260138,0.05213704506540838,0.0949873661537234,0.004813327920071981,0.0034900600633489542,0.5162337662337663,3.320371454953496,0.09228321400159109,6.949512505688013,0.007407407407407418,0,0,True
digits,class_biased,101,0.30000000000000004,0.9740740740740741,0.9741619172041537,0.9615384615384616,0.03621398697570502,0.07800809224366542,0.14371678975331675,0.010820371466540687,0.002281933336773845,0.44805194805194803,3.3139795447139417,0.08671439936356404,10.808775442669097,-0.0092592592592593,0,0,True
digits,class_biased,101,0.4,0.9537037037037037,0.9535594942142118,0.9423076923076923,0.05126136649875949,0.10057590809427261,0.16344161043814548,0.01758232572972733,0.0025610804401323684,0.5064935064935064,3.314970435096173,0.08432776451869531,13.889257460791807,0.011111111111111072,0,0,True
digits,class_biased,101,0.5,0.937037037037037,0.93710019096039,0.9423076923076923,0.06352377943915778,0.12526004505559368,0.16633600315834174,0.026920851268602265,0.0035301317472149485,0.5292207792207793,3.3073152493991262,0.08273667462211615,16.395128545052266,0.02777777777777779,0,0,True
digits,class_biased,101,0.6000000000000001,0.9388888888888889,0.9388353028400683,0.8269230769230769,0.07991093934786551,0.14461099604424393,0.20658116908835053,0.03429778421169223,0.003641680943523573,0.4935064935064935,3.283396217081136,0.066030230708035,20.086777607009385,0.025925925925925908,0,0,True
digits,class_biased,101,0.7000000000000001,0.9351851851851852,0.9347341054559838,0.8269230769230769,0.09893548910923208,0.18333665595854257,0.30142225494291564,0.052888650204298594,0.007782456833071105,0.4837662337662338,3.198962248762097,0.057279236276849645,26.495931723542633,0.02962962962962956,0,1,True
digits,class_biased,101,0.8,0.9,0.8992891204981828,0.7307692307692307,0.12966372616563654,0.2764176198201901,0.5837325247678044,0.11851914931311468,0.016720358795665025,0.5974025974025974,2.7247729680943817,0.0294351630867144,42.81583657722668,0.06481481481481477,1,1,True
digits,class_biased,101,0.9,0.8333333333333334,0.8272599678913204,0.5,0.19749059637927893,0.4861979876338238,0.9994651184530985,0.5038792493358547,0.11185548922974986,0.8798701298701299,1.09801936133154,0.005568814638027049,76.66308360866984,0.13148148148148142,1,1,True
digits,class_biased,101,1.0,0.1,0.01818181818181818,0.0,0.27754407415297166,0.5734622204616291,1.2467146951937031,1.9286038992268286,0.1534592941409343,0.9415584415584416,0.009338019057333247,0.0007955449482895784,99.99999999982425,0.8648148148148148,1,0,False
digits,gaussian,7,0.0,0.9648148148148148,0.9644772780561676,0.9038461538461539,0.0,0.0,1.9103668397398476e-15,0.0,0.002293670964605088,0.4642857142857143,3.3217810529560987,0.09705648369132856,0.0,0.0,0,0,True
digits,gaussian,7,0.1,0.9666666666666667,0.9665886657678311,0.9615384615384616,0.01113127340649079,0.026794250112296455,0.059188461522823775,0.0015046952389010223,0.002292530035885365,0.45454545454545453,3.321488327019567,0.0954653937947494,10.114437786472678,-0.0018518518518518823,0,0,True
digits,gaussian,7,0.2,0.9592592592592593,0.9590735418969846,0.9423076923076923,0.02270043203251182,0.05397235532082162,0.1027356776158217,0.005055705883955948,0.0036595420933336342,0.4577922077922078,3.320727488782603,0.09466984884645982,19.69453237790637,0.005555555555555536,0,0,True
digits,gaussian,7,0.30000000000000004,0.9537037037037037,0.9535272560797082,0.9615384615384616,0.03643808697137593,0.07851788764363937,0.13807936781389332,0.01055517827074046,0.002562658083493652,0.4707792207792208,3.3179705579263774,0.08910103420843278,31.800646777562775,0.011111111111111072,0,0,True
digits,gaussian,7,0.4,0.9574074074074074,0.9573436413273668,0.9615384615384616,0.04668027918433311,0.1052462394101141,0.1607499107503201,0.01732612392128611,0.0023996306787075206,0.4772727272727273,3.316433304207185,0.08273667462211615,40.47568073297445,0.007407407407407418,0,0,True
digits,gaussian,7,0.5,0.9407407407407408,0.9403817249903959,0.9038461538461539,0.061446921084169756,0.12657204943639802,0.15099595115597475,0.02814856143258928,0.0027627021968930077,0.461038961038961,3.3194913894910463,0.09466984884645982,39.44815601359654,0.024074074074074026,0,1,True
digits,gaussian,7,0.6000000000000001,0.9333333333333333,0.9328925188064774,0.8846153846153846,0.07824911899272194,0.15396704821810692,0.18714370170576455,0.03976252605307684,0.0022197226951110594,0.474025974025974,3.318978163211989,0.08910103420843278,48.93965809382791,0.031481481481481444,1,0,True
digits,gaussian,7,0.7000000000000001,0.95,0.9502323001140276,0.9038461538461539,0.09901792550806024,0.1843728390507069,0.28827633865695695,0.051127759172730936,0.0029981367274940496,0.487012987012987,3.3149187848609993,0.08512330946698489,70.64936270269875,0.014814814814814836,0,1,True
digits,gaussian,7,0.8,0.9166666666666666,0.9167895400952595,0.7884615384615384,0.12071411603533932,0.22127385603766975,0.34099964237800745,0.06879663010089672,0.004729569029741754,0.5357142857142857,3.3121436719247304,0.08273667462211615,86.86646169598423,0.04814814814814816,1,1,True
digits,gaussian,7,0.9,0.9166666666666666,0.9171447592266155,0.8846153846153846,0.1408916697298322,0.23885146260668255,0.2546622732895921,0.08114164992844293,0.0037718102996502356,0.5616883116883117,3.314239324381493,0.08353221957040573,81.21192826040765,0.04814814814814816,1,1,True
digits,gaussian,7,1.0,0.8685185185185185,0.8671230393183379,0.7884615384615384,0.16922266187915344,0.27029292848817577,0.2921874002046304,0.10422385326701203,0.003963863311742255,0.5422077922077922,3.3121467802685416,0.081145584725537,95.70082539105414,0.09629629629629632,1,0,False
digits,gaussian,21,0.0,0.9462962962962963,0.9459776952516812,0.8846153846153846,0.0,0.0,2.0694129414858713e-15,0.0,0.002180867358883898,0.4512987012987013,3.3217810529560987,0.09705648369132856,0.0,0.0,0,0,True
digits,gaussian,21,0.1,0.9555555555555556,0.9552934873548233,0.8846153846153846,0.011194019107021306,0.024819786702015866,0.05002632145974494,0.0018272359535964097,0.003843928051215917,0.4902597402597403,3.321220927752726,0.09307875894988067,9.47199018012356,-0.0092592592592593,0,0,True
digits,gaussian,21,0.2,0.9574074074074074,0.9572771737377043,0.9038461538461539,0.023930888594943342,0.050761397005812954,0.08802802624636956,0.005803151318593034,0.003238607299153262,0.4837662337662338,3.3206749276356886,0.09148766905330151,18.089321754863604,-0.011111111111111072,0,0,True
digits,gaussian,21,0.30000000000000004,0.9574074074074074,0.957286428730397,0.8846153846153846,0.04008255272888318,0.07899693137863363,0.14990992656897015,0.011812760350953836,0.0026594357507512267,0.5032467532467533,3.317684386834686,0.08432776451869531,31.03319195881335,-0.011111111111111072,0,0,True
digits,gaussian,21,0.4,0.9351851851851852,0.9355262711878798,0.8846153846153846,0.0530978817078527,0.09915051590281207,0.1672525223312221,0.01679294275180952,0.002875718378819725,0.5422077922077922,3.3207083665479753,0.09307875894988067,35.35915454871225,0.011111111111111072,0,0,True
digits,gaussian,21,0.5,0.9611111111111111,0.961262813933101,0.9230769230769231,0.06924533458085347,0.1185040635449322,0.1918034451177096,0.02620800057443598,0.004247361786134496,0.538961038961039,3.317631062950296,0.08591885441527446,43.74577072427096,-0.014814814814814836,0,0,True
digits,gaussian,21,0.6000000000000001,0.924074074074074,0.9239704645481819,0.8653846153846154,0.08626947121242384,0.1421485778435876,0.16481312882318663,0.03804420701426316,0.0027377803670425305,0.5064935064935064,3.312625912269761,0.08432776451869531,48.452833938344746,0.022222222222222254,0,0,True
digits,gaussian,21,0.7000000000000001,0.9333333333333333,0.9335290006107979,0.8846153846153846,0.1065524434127208,0.1673463184429253,0.19588862272651125,0.04962213124230613,0.0034045253764225514,0.5357142857142857,3.3016902905723127,0.07637231503579953,62.47695882108211,0.012962962962962954,0,1,True
digits,gaussian,21,0.8,0.9111111111111111,0.9109642841095396,0.8461538461538461,0.1269421452843562,0.19424862861250497,0.20284291733547952,0.06549316604040537,0.00427804007543009,0.5422077922077922,3.3083490138946052,0.08512330946698489,65.85922040283134,0.03518518518518521,1,0,True
digits,gaussian,21,0.9,0.9277777777777778,0.9277759829224322,0.8269230769230769,0.15761054502785393,0.22594177573187293,0.24783689531601122,0.08387409221395646,0.0039004953646930574,0.5454545454545454,3.3009238143123243,0.06921241050119331,81.88793902897898,0.01851851851851849,0,1,True
digits,gaussian,21,1.0,0.8962962962962963,0.896742991759216,0.8461538461538461,0.18777610265278666,0.2575038177904527,0.2997877990005865,0.10855470864243316,0.007598008780053345,0.5227272727272727,3.2904020923878354,0.05489260143198091,99.99999999964308,0.050000000000000044,1,0,False
digits,gaussian,42,0.0,0.9611111111111111,0.9606768217348911,0.8461538461538461,0.0,0.0,1.2128444309253064e-15,0.0,0.0028173191110001383,0.44155844155844154,3.3217810529560987,0.09705648369132856,0.0,0.0,0,0,True
digits,gaussian,42,0.1,0.9629629629629629,0.962561652201608,0.8846153846153846,0.011228157087763427,0.027367417182829052,0.159742371062336,0.0017058192771018477,0.0034714600207716995,0.4642857142857143,3.3206105521818694,0.08989657915672236,20.02335445311277,-0.0018518518518517713,0,0,True
digits,gaussian,42,0.2,0.9537037037037037,0.9535691108000833,0.8653846153846154,0.023808330875663305,0.047850490350230174,0.08791282287589633,0.004774592421228493,0.002771548047931116,0.4935064935064935,3.3199961603365926,0.09307875894988067,18.288434655619916,0.007407407407407418,0,0,True
digits,gaussian,42,0.30000000000000004,0.9555555555555556,0.954967008113071,0.8461538461538461,0.03633740144630042,0.07321926903035784,0.1471650923129094,0.010463855791626626,0.0037355892726178563,0.4902597402597403,3.320774206453639,0.09387430389817025,27.698235450153668,0.005555555555555536,0,0,True
digits,gaussian,42,0.4,0.9425925925925925,0.9422541080883364,0.8461538461538461,0.047898700510113676,0.09599666041974858,0.13089077116462988,0.019513733281802007,0.0033803049541432095,0.4512987012987013,3.3193801005883756,0.09228321400159109,31.65543367758341,0.0185185185185186,0,0,True
digits,gaussian,42,0.5,0.9388888888888889,0.9391666450373203,0.9038461538461539,0.06320281586421544,0.12234387987028258,0.14111317245081814,0.026156287155843224,0.0026438196812084147,0.4967532467532468,3.3175452385205046,0.09228321400159109,39.363228172726295,0.022222222222222254,0,0,True
digits,gaussian,42,0.6000000000000001,0.9351851851851852,0.9349971117434736,0.8076923076923077,0.08148319436605964,0.14241536368838204,0.18160383691470658,0.03576983415753696,0.0034899524542897353,0.474025974025974,3.317469477700182,0.08591885441527446,48.2444703065326,0.025925925925925908,0,0,True
digits,gaussian,42,0.7000000000000001,0.9351851851851852,0.9348655685185936,0.8269230769230769,0.10092511300600729,0.1618356436147851,0.20039489159326596,0.04771498608232396,0.004349996456345151,0.4642857142857143,3.315936476007516,0.08273667462211615,56.49784426525062,0.025925925925925908,0,1,True
digits,gaussian,42,0.8,0.912962962962963,0.9133156589260853,0.7884615384615384,0.12059364474082762,0.1891405778419995,0.2300458718532342,0.06094276740624469,0.0034886043598159056,0.474025974025974,3.3137839765160892,0.081145584725537,67.06485698198854,0.04814814814814816,1,1,True
digits,gaussian,42,0.9,0.9074074074074074,0.9071052244405339,0.6730769230769231,0.14903268494407335,0.22021698977235354,0.2908226335214071,0.0766834738132392,0.004914369301710408,0.461038961038961,3.3034699229714724,0.07716785998408911,88.9943131002277,0.0537037037037037,1,1,True
digits,gaussian,42,1.0,0.8777777777777778,0.8781059188538567,0.6538461538461539,0.17349449320354515,0.24924804608662296,0.33323890675890727,0.09334792757673484,0.004399455009287845,0.5064935064935064,3.303414290197772,0.07319013524264122,99.99999999963676,0.08333333333333337,1,0,False
digits,gaussian,77,0.0,0.975925925925926,0.9759045254609774,0.9423076923076923,0.0,0.0,2.0847950494130378e-15,0.0,0.003086337954512075,0.474025974025974,3.3217810529560987,0.09705648369132856,0.0,0.0,0,0,True
digits,gaussian,77,0.1,0.9685185185185186,0.9686124968858412,0.9230769230769231,0.010730935094038604,0.027268333344910425,0.06976109109751853,0.0016772060880810677,0.002643474385612299,0.45454545454545453,3.3213734560915023,0.09626093874303898,13.298822668193624,0.007407407407407418,0,0,True
digits,gaussian,77,0.2,0.9592592592592593,0.9591029588808277,0.9038461538461539,0.021719439833922258,0.055299274135296124,0.13351547336288253,0.005392411157348591,0.0035147054835822367,0.487012987012987,3.32013399010287,0.08910103420843278,27.640303133698975,0.01666666666666672,0,0,True
digits,gaussian,77,0.30000000000000004,0.9574074074074074,0.9572974933893542,0.8461538461538461,0.033404130665556,0.07916827972892973,0.1276102732080619,0.011588950166552852,0.00380323802295357,0.4772727272727273,3.3165421124266525,0.08512330946698489,38.43295483121831,0.0185185185185186,0,0,True
digits,gaussian,77,0.4,0.95,0.9499265142151291,0.8461538461538461,0.04802925371287512,0.10123250094274977,0.15258806562457658,0.01611508004517791,0.0034232551231960784,0.5064935064935064,3.3165970808020475,0.08273667462211615,46.081500294341524,0.02592592592592602,0,1,True
digits,gaussian,77,0.5,0.9425925925925925,0.9429433617591206,0.8461538461538461,0.06171320242984559,0.12420596528501004,0.18818168458655776,0.025254987660343228,0.0046476850443146756,0.551948051948052,3.316097203095854,0.08353221957040573,55.88153785612276,0.03333333333333344,1,1,True
digits,gaussian,77,0.6000000000000001,0.9425925925925925,0.9422139948073168,0.8269230769230769,0.08217779319010918,0.15184514211484798,0.17130024968119148,0.037822882149323764,0.003327766086705486,0.4772727272727273,3.3139080002763053,0.08512330946698489,64.81454215784284,0.03333333333333344,1,1,True
digits,gaussian,77,0.7000000000000001,0.9444444444444444,0.9444761407613396,0.8846153846153846,0.09534492509143158,0.17817178825741498,0.20357512608950012,0.050106469349192405,0.003995804092548516,0.4902597402597403,3.3185111171385655,0.0883054892601432,64.76407710964577,0.031481481481481555,1,0,True
digits,gaussian,77,0.8,0.9462962962962963,0.946581920575093,0.9423076923076923,0.11715188308897437,0.19773547610290204,0.21094421892755869,0.06568691016407581,0.005426684558543116,0.538961038961039,3.3204137882119147,0.09228321400159109,68.03499427254117,0.029629629629629672,0,0,True
digits,gaussian,77,0.9,0.9481481481481482,0.9483171427506765,0.8653846153846154,0.13640058764046248,0.22098953310583053,0.2167506607376721,0.07692627696692693,0.006895339681314283,0.5162337662337663,3.3207532782355997,0.09466984884645982,74.00093498837316,0.02777777777777779,0,1,True
digits,gaussian,77,1.0,0.9111111111111111,0.910913388340078,0.8846153846153846,0.15937883599973046,0.2479954571109201,0.26992140690635513,0.09703987208382724,0.004758135953900178,0.6038961038961039,3.31431014960861,0.08353221957040573,99.23381180933785,0.06481481481481488,1,0,False
digits,gaussian,101,0.0,0.9648148148148148,0.9647524112119752,0.9423076923076923,0.0,0.0,1.5698405051835362e-15,0.0,0.0026749564904782197,0.4772727272727273,3.3217810529560987,0.09705648369132856,0.0,0.0,0,0,True
digits,gaussian,101,0.1,0.9666666666666667,0.9663626704387174,0.9038461538461539,0.011359466836788765,0.02782864732344585,0.06865649940042831,0.0020091412170411336,0.0025178139360029217,0.4318181818181818,3.320978583312526,0.09466984884645982,12.461016176386678,-0.0018518518518518823,0,0,True
digits,gaussian,101,0.2,0.9574074074074074,0.9572087737454968,0.9615384615384616,0.02204444206416843,0.052137259870281394,0.09545711549186676,0.004843856080852759,0.003380054652804221,0.5097402597402597,3.320228440692854,0.09228321400159109,19.936714027446754,0.007407407407407418,0,0,True
digits,gaussian,101,0.30000000000000004,0.9462962962962963,0.9462120597116908,0.9230769230769231,0.03625065356760805,0.07792838799689339,0.13545861905788684,0.010540526078484784,0.002181685897262753,0.461038961038961,3.3152935668896584,0.08671439936356404,31.867727643550598,0.01851851851851849,0,0,True
digits,gaussian,101,0.4,0.9574074074074074,0.9574967652646629,0.9230769230769231,0.051192255369338455,0.0996060165537333,0.13392001497836176,0.017979667021365272,0.0026566124568319083,0.4967532467532468,3.3185458762451363,0.08671439936356404,34.54730953566279,0.007407407407407418,0,0,True
digits,gaussian,101,0.5,0.9425925925925925,0.9423745580652982,0.8653846153846154,0.0643935170298167,0.12161194841787033,0.1543185474194254,0.02611700956077502,0.003305228983163211,0.512987012987013,3.3180345102884194,0.08910103420843278,41.39661027738267,0.022222222222222254,0,1,True
digits,gaussian,101,0.6000000000000001,0.9314814814814815,0.9308901523448645,0.7884615384615384,0.08294375509561489,0.1433257083202279,0.15690270966882566,0.036017490643572625,0.0032109230729502336,0.5,3.3157803672831756,0.07955449482895784,48.155456647184835,0.033333333333333326,1,1,True
digits,gaussian,101,0.7000000000000001,0.9277777777777778,0.9275030857195349,0.8269230769230769,0.10509216430569973,0.17592247508789238,0.18909429670423336,0.05395463670342153,0.004449953900772519,0.5097402597402597,3.3151575490841005,0.08353221957040573,58.87230968150422,0.03703703703703698,1,1,True
digits,gaussian,101,0.8,0.924074074074074,0.9242321428494081,0.8269230769230769,0.124864536066456,0.19752430306168955,0.20931687860426368,0.06785291943377378,0.0032116640619606063,0.5162337662337663,3.3138898594328707,0.08353221957040573,67.17608509052205,0.040740740740740744,1,1,True
digits,gaussian,101,0.9,0.912962962962963,0.9126733127862527,0.8076923076923077,0.15380310453132123,0.22496659625227963,0.2269124640249256,0.08923393575132095,0.002948487678867462,0.4805194805194805,3.308835567267048,0.07796340493237867,79.38843779726727,0.051851851851851816,1,1,True
digits,gaussian,101,1.0,0.8907407407407407,0.8890190144058006,0.8461538461538461,0.17969432566828258,0.25322025942581033,0.27926338176717547,0.10677126719927396,0.004521223267563768,0.5032467532467533,3.2945244886535083,0.06443914081145585,99.99999999962691,0.07407407407407407,1,0,False
digits,tail_suppression,7,0.0,0.9648148148148148,0.9644772780561676,0.9038461538461539,0.0,0.0,1.9103668397398476e-15,0.0,0.002293670964605088,0.4642857142857143,3.3217810529560987,0.09705648369132856,0.0,0.0,0,0,True
digits,tail_suppression,7,0.1,0.9574074074074074,0.9573201117890082,0.9423076923076923,0.009763655075070762,0.021154441905184382,0.04948142736368713,0.001474581479127684,0.0020316972001805933,0.4577922077922078,3.321488327019567,0.0954653937947494,7.168488198323927,0.007407407407407418,0,0,True
digits,tail_suppression,7,0.2,0.9648148148148148,0.9647303205764579,0.9230769230769231,0.019160605233862926,0.03902430003965385,0.08944387762653538,0.005598166770273529,0.0025074151351742735,0.4448051948051948,3.3205967366171305,0.09387430389817025,14.28296572917944,0.0,0,0,True
digits,tail_suppression,7,0.30000000000000004,0.9518518518518518,0.951477228650021,0.9038461538461539,0.027851912966786588,0.053900810317033476,0.1444403035088304,0.009824987838578962,0.002796259255475997,0.4383116883116883,3.317658753514589,0.0883054892601432,24.596215017919135,0.012962962962962954,0,0,True
digits,tail_suppression,7,0.4,0.9574074074074074,0.9573108772049739,0.9230769230769231,0.03949301991542427,0.07221447548207827,0.24937966893520802,0.014815492696666495,0.002442176286493236,0.4837662337662338,3.315965058926092,0.08273667462211615,36.48538792883356,0.007407407407407418,0,0,True
digits,tail_suppression,7,0.5,0.9537037037037037,0.953670747424353,0.9423076923076923,0.05044675831604785,0.08985828534342521,0.28308228713712036,0.025843643504971894,0.004976488057159667,0.5097402597402597,3.3190430999076743,0.09148766905330151,37.81725222589716,0.011111111111111072,0,0,True
digits,tail_suppression,7,0.6000000000000001,0.9444444444444444,0.9442026266255384,0.8846153846153846,0.06464163646876372,0.10485192207709983,0.3392444054499433,0.03902888446480958,0.004914451670458897,0.5032467532467533,3.318110152291273,0.0883054892601432,46.330310629876976,0.020370370370370372,0,1,True
digits,tail_suppression,7,0.7000000000000001,0.9203703703703704,0.9200404827828326,0.8461538461538461,0.07620053456021131,0.1257895678109701,0.39453141032000083,0.0636224614229503,0.007344924911100836,0.5487012987012987,3.314854085914988,0.08353221957040573,58.378366941449244,0.0444444444444444,1,1,True
digits,tail_suppression,7,0.8,0.9055555555555556,0.9055813538406261,0.8269230769230769,0.0966151743085927,0.14992679377750595,0.4905248226616662,0.10707882560903095,0.010889915157915153,0.564935064935065,3.311416058906625,0.08273667462211615,74.69814053803849,0.059259259259259234,1,1,True
digits,tail_suppression,7,0.9,0.8851851851851852,0.8857647158264333,0.8846153846153846,0.11577060143770589,0.1798092677296224,0.5430746536757576,0.19500799774160102,0.0167504680268431,0.6558441558441559,3.31465511203369,0.08353221957040573,79.70480963216899,0.0796296296296296,1,1,True
digits,tail_suppression,7,1.0,0.8148148148148148,0.8124789903595712,0.5576923076923077,0.1601211753021951,0.20953270831098983,0.6207008580122172,0.48671130269896606,0.02409207648263867,0.6136363636363636,3.3137039305980975,0.08353221957040573,96.68904051348565,0.15000000000000002,1,0,False
digits,tail_suppression,21,0.0,0.9462962962962963,0.9459776952516812,0.8846153846153846,0.0,0.0,2.0694129414858713e-15,0.0,0.002180867358883898,0.4512987012987013,3.3217810529560987,0.09705648369132856,0.0,0.0,0,0,True
digits,tail_suppression,21,0.1,0.9611111111111111,0.9609014486564466,0.9038461538461539,0.010445382183789823,0.0210540009159492,0.04797064363735378,0.0018130859911535565,0.0036986835437202714,0.4675324675324675,3.321220927752726,0.09307875894988067,6.800083064274657,-0.014814814814814836,0,0,True
digits,tail_suppression,21,0.2,0.9462962962962963,0.9463736319263744,0.9038461538461539,0.02199673568674285,0.03781116374011309,0.07269028721698152,0.005116399931084403,0.003145161475515801,0.4805194805194805,3.3206749276356886,0.09148766905330151,12.129043874462155,0.0,0,0,True
digits,tail_suppression,21,0.30000000000000004,0.9425925925925925,0.9424452205593858,0.8846153846153846,0.03381243170840669,0.059289840494215124,0.17299242212258922,0.010501428537556062,0.0026778708691996833,0.5032467532467533,3.317825679993219,0.08432776451869531,22.93175613857248,0.0037037037037037646,0,0,True
digits,tail_suppression,21,0.4,0.9333333333333333,0.9332163288841218,0.8653846153846154,0.04581714477593552,0.07258884596489641,0.23212234984645605,0.015976097375676797,0.0037216881098873777,0.5357142857142857,3.320636889164082,0.09307875894988067,28.02827767565928,0.012962962962962954,0,0,True
digits,tail_suppression,21,0.5,0.9277777777777778,0.9272757247706538,0.8461538461538461,0.056652043911816684,0.08940248971285011,0.2840131750277138,0.027807604170648266,0.005154649766857533,0.5292207792207793,3.31756577948574,0.08671439936356404,35.82886082552349,0.01851851851851849,0,1,True
digits,tail_suppression,21,0.6000000000000001,0.9092592592592592,0.9091861919587568,0.8461538461538461,0.07113908138771463,0.10762181233244056,0.3422485862421992,0.04197753972447605,0.005689916681987484,0.5064935064935064,3.3126332448053257,0.08432776451869531,45.62028356569866,0.03703703703703709,1,0,True
digits,tail_suppression,21,0.7000000000000001,0.924074074074074,0.9240345932509483,0.9038461538461539,0.08511973774990314,0.12647710917006846,0.3516482006197589,0.06787922099641598,0.0072714912989142455,0.512987012987013,3.3039750611844143,0.07955449482895784,54.77389006251268,0.022222222222222254,0,1,True
digits,tail_suppression,21,0.8,0.8851851851851852,0.8852515150549305,0.8461538461538461,0.10892584777605127,0.1510834496720685,0.4273025949269594,0.11709951343059252,0.013215547190373877,0.5616883116883117,3.3091246512208716,0.08512330946698489,62.80997253097279,0.061111111111111116,1,1,True
digits,tail_suppression,21,0.9,0.8981481481481481,0.8981847890970671,0.8269230769230769,0.13159191406833037,0.184205955447996,0.5161116101614529,0.2053399963768348,0.018438133115507238,0.6655844155844156,3.300507170463445,0.06921241050119331,78.97656092349919,0.04814814814814816,1,1,True
digits,tail_suppression,21,1.0,0.8092592592592592,0.8077192735117622,0.5769230769230769,0.17990329358855903,0.2201293188443961,0.600962133762271,0.46085205533790385,0.02831648929383701,0.6818181818181818,3.2909443396235742,0.05489260143198091,99.99999999966975,0.13703703703703707,1,0,False
digits,tail_suppression,42,0.0,0.9611111111111111,0.9606768217348911,0.8461538461538461,0.0,0.0,1.2128444309253064e-15,0.0,0.0028173191110001383,0.44155844155844154,3.3217810529560987,0.09705648369132856,0.0,0.0,0,0,True
digits,tail_suppression,42,0.1,0.9629629629629629,0.9629649434993086,0.9038461538461539,0.010686098792388759,0.024318031852389305,0.16786084346557092,0.0016698420431494382,0.003893035449253679,0.4772727272727273,3.3206105521818694,0.08989657915672236,13.949702523156922,-0.0018518518518517713,0,0,True
digits,tail_suppression,42,0.2,0.95,0.9497594623994783,0.8653846153846154,0.020796317708450383,0.038499102096113375,0.10615207660434842,0.004772646826735802,0.0028472706454905072,0.4837662337662338,3.3199961603365926,0.09307875894988067,14.798625745612812,0.011111111111111183,0,0,True
digits,tail_suppression,42,0.30000000000000004,0.9425925925925925,0.9426126758855891,0.8653846153846154,0.03172067431490552,0.05869025367418092,0.21352857894775498,0.009824449025150324,0.004638476762873767,0.42857142857142855,3.320774206453639,0.09387430389817025,23.788494151900817,0.0185185185185186,0,0,True
digits,tail_suppression,42,0.4,0.9462962962962963,0.9457993766187137,0.8269230769230769,0.04232456275733322,0.07373267846431233,0.1950565789124899,0.018114590870246083,0.004574252740648266,0.461038961038961,3.3193801005883756,0.09228321400159109,27.569667432418697,0.014814814814814836,0,0,True
digits,tail_suppression,42,0.5,0.9333333333333333,0.9338307931834452,0.8461538461538461,0.054168599112201024,0.08884229673839181,0.31606256837533114,0.024773647793306434,0.00389121324645747,0.5,3.317487599524805,0.09228321400159109,38.85779199957136,0.02777777777777779,0,1,True
digits,tail_suppression,42,0.6000000000000001,0.9277777777777778,0.9268436248766584,0.7307692307692307,0.06619141205588375,0.10445026622171574,0.35000056805727375,0.03722170816877197,0.006494490300936739,0.4772727272727273,3.317808750574912,0.08671439936356404,44.20861266667743,0.033333333333333326,1,1,True
digits,tail_suppression,42,0.7000000000000001,0.9018518518518519,0.8998346119072016,0.6923076923076923,0.0746708428256219,0.12285661233874985,0.3655209218036926,0.05966295253663523,0.008173047328690508,0.551948051948052,3.315935579898609,0.08273667462211615,50.083686785905336,0.059259259259259234,1,1,True
digits,tail_suppression,42,0.8,0.9111111111111111,0.9106095844973929,0.7692307692307693,0.0929414712388345,0.1467810386536627,0.4100689541745092,0.10383445070480672,0.009435635360662609,0.512987012987013,3.3138083488472576,0.08194112967382657,59.924607882997826,0.050000000000000044,1,1,True
digits,tail_suppression,42,0.9,0.8777777777777778,0.8753022691556204,0.5769230769230769,0.12310994989078373,0.17943228807050846,0.5342389461317625,0.18453137664321043,0.01943996374626611,0.5974025974025974,3.303047258342923,0.07557677008750995,83.49041915215513,0.08333333333333337,1,1,True
digits,tail_suppression,42,1.0,0.774074074074074,0.7639980573248842,0.28846153846153844,0.17570498723417527,0.20880353142862362,0.6064403685215422,0.35059125478726505,0.025282493265672112,0.6785714285714286,3.3024796419321953,0.07000795544948289,99.99999999966006,0.1870370370370371,1,0,False
digits,tail_suppression,77,0.0,0.975925925925926,0.9759045254609774,0.9423076923076923,0.0,0.0,2.0847950494130378e-15,0.0,0.003086337954512075,0.474025974025974,3.3217810529560987,0.09705648369132856,0.0,0.0,0,0,True
digits,tail_suppression,77,0.1,0.9648148148148148,0.9648302210751556,0.9230769230769231,0.009118029564982023,0.0230691129026225,0.06459055712875232,0.0016379497817037925,0.002767048522545723,0.44805194805194803,3.3213734560915023,0.09626093874303898,8.555691310414842,0.011111111111111183,0,0,True
digits,tail_suppression,77,0.2,0.9629629629629629,0.9628291849139702,0.8846153846153846,0.019259707892998204,0.041892276042165465,0.1521254525509643,0.0049417174822487565,0.0032518081334509397,0.4577922077922078,3.3199990008582874,0.08910103420843278,19.756701842672626,0.012962962962963065,0,0,True
digits,tail_suppression,77,0.30000000000000004,0.95,0.9496644379388272,0.8461538461538461,0.028299561136156785,0.05771140235127249,0.18980889162884967,0.010170336892885467,0.002280457104671507,0.474025974025974,3.3161333399883213,0.08512330946698489,32.47739113965681,0.02592592592592602,0,0,True
digits,tail_suppression,77,0.4,0.9592592592592593,0.959325109048288,0.9230769230769231,0.039267132676721724,0.07081758736294246,0.21183737130522248,0.01471143293294145,0.003599880711297576,0.5032467532467533,3.3164748579228354,0.08273667462211615,36.71499563870205,0.01666666666666672,0,0,True
digits,tail_suppression,77,0.5,0.9537037037037037,0.9536304928945014,0.8846153846153846,0.04913547979453182,0.0858551280265688,0.28542418724145957,0.023746540627864385,0.0036954611815287475,0.4805194805194805,3.3164521998404686,0.08353221957040573,44.218989588624304,0.022222222222222254,0,0,True
digits,tail_suppression,77,0.6000000000000001,0.9462962962962963,0.9463080819116019,0.8653846153846154,0.06130465487341555,0.1057051399742347,0.3433719377546684,0.03787343831921464,0.0037256204457079,0.5357142857142857,3.314112998365451,0.08512330946698489,56.24659678369137,0.029629629629629672,0,1,True
digits,tail_suppression,77,0.7000000000000001,0.9185185185185185,0.9185524085276929,0.8653846153846154,0.07137741001802839,0.1276976714900417,0.42677892147694235,0.06205109164347099,0.005664118825049247,0.5616883116883117,3.3184484277567314,0.0883054892601432,57.05653237219934,0.05740740740740746,1,1,True
digits,tail_suppression,77,0.8,0.9203703703703704,0.9207601798105012,0.9230769230769231,0.08941666132962435,0.15058815578706644,0.45695307696458404,0.10651634262568282,0.009586347871251233,0.5876623376623377,3.320026313449052,0.09069212410501193,62.002873107363676,0.05555555555555558,1,1,True
digits,tail_suppression,77,0.9,0.8944444444444445,0.8974266316654879,0.8076923076923077,0.10975081285955945,0.17955978761954483,0.5060427578194348,0.19211216728390354,0.016477282292465034,0.6266233766233766,3.320511871037632,0.09466984884645982,71.09588102203975,0.08148148148148149,1,1,True
digits,tail_suppression,77,1.0,0.8074074074074075,0.8036095812032924,0.6538461538461539,0.14818823158038985,0.21255131437111358,0.5973499614087728,0.42986908644529476,0.02059724286932152,0.6525974025974026,3.3136570255131836,0.08353221957040573,99.99999999962972,0.1685185185185185,1,0,False
digits,tail_suppression,101,0.0,0.9648148148148148,0.9647524112119752,0.9423076923076923,0.0,0.0,1.5698405051835362e-15,0.0,0.0026749564904782197,0.4772727272727273,3.3217810529560987,0.09705648369132856,0.0,0.0,0,0,True
digits,tail_suppression,101,0.1,0.9685185185185186,0.9683817583392654,0.9230769230769231,0.010470408962427976,0.023316221458240527,0.0628593137281192,0.002075474948491427,0.0023816509453857826,0.41233766233766234,3.320978583312526,0.09466984884645982,7.972771511318499,-0.0037037037037037646,0,0,True
digits,tail_suppression,101,0.2,0.9648148148148148,0.9645227019748062,0.9038461538461539,0.021389937104367852,0.04024947293480492,0.1003388980937998,0.004805022088381924,0.0029729347773181924,0.4902597402597403,3.3202766719704884,0.09307875894988067,13.998954365850258,0.0,0,0,True
digits,tail_suppression,101,0.30000000000000004,0.9555555555555556,0.955298491502359,0.9615384615384616,0.030712932481354878,0.05686728779271381,0.1863604487713224,0.009215537220813638,0.002166878397322769,0.4675324675324675,3.315343045924729,0.08671439936356404,24.425173912557035,0.00925925925925919,0,0,True
digits,tail_suppression,101,0.4,0.9555555555555556,0.9555019381222323,0.9423076923076923,0.04362031377494109,0.07065981696779704,0.20302173712391067,0.015721325305378352,0.0030424187692379423,0.512987012987013,3.3185458762451363,0.08671439936356404,27.27838446951131,0.00925925925925919,0,0,True
digits,tail_suppression,101,0.5,0.9425925925925925,0.9422918455012426,0.9230769230769231,0.05403908987510955,0.08650381945200078,0.26459431443166154,0.02673072707341662,0.004225145075659853,0.5194805194805194,3.3181117723120765,0.08910103420843278,34.13816737143748,0.022222222222222254,0,1,True
digits,tail_suppression,101,0.6000000000000001,0.9314814814814815,0.9316110608005234,0.8653846153846154,0.0633365558487153,0.10434610127838682,0.3251006789678707,0.0377392354817999,0.005472986461902973,0.5714285714285714,3.3153648850930524,0.07955449482895784,42.2412730423812,0.033333333333333326,1,1,True
digits,tail_suppression,101,0.7000000000000001,0.9185185185185185,0.9183332377731503,0.9230769230769231,0.08231972082891686,0.1300402751374366,0.38306479134083055,0.06613380291069514,0.0061667246733814185,0.4642857142857143,3.314933945468797,0.08273667462211615,51.510246706183224,0.04629629629629628,1,1,True
digits,tail_suppression,101,0.8,0.912962962962963,0.9124946814291987,0.9038461538461539,0.09731160820769845,0.15667700914482657,0.47794848621151753,0.11546908900465896,0.012403561727745371,0.6103896103896104,3.3135111870383636,0.08273667462211615,62.558956883448545,0.051851851851851816,1,1,True
digits,tail_suppression,101,0.9,0.8907407407407407,0.8913922353728196,0.8461538461538461,0.12349172179913159,0.18777985823882667,0.5281134004726024,0.20124608842853,0.01888517102227194,0.6655844155844156,3.3075952144436678,0.07716785998408911,76.29847419319738,0.07407407407407407,1,1,True
digits,tail_suppression,101,1.0,0.7777777777777778,0.7793864087021365,0.6538461538461539,0.17323772521526787,0.2226706270240615,0.6078052282743133,0.536040493067952,0.03063191002652066,0.6915584415584416,3.294373538627606,0.06523468575974542,99.9999999996652,0.187037037037037,1,0,False
wine,class_biased,7,0.0,0.9629629629629629,0.9625,1.0,0.0,0.0,3.121953913800273e-16,0.0,-2.220446049250313e-16,0.4266666666666667,1.5645394747623322,0.2661290322580645,0.0,0.0,0,0,True
wine,class_biased,7,0.1,0.9629629629629629,0.9625,1.0,0.006265209374790633,0.04873197480401185,0.06321458401907581,0.01579180330122285,0.0007065305916706954,0.37333333333333335,1.5728108071505102,0.29838709677419356,6.3656136299524535,0.0,0,0,True
wine,class_biased,7,0.2,0.9629629629629629,0.962831806176501,0.9333333333333333,0.016178898008530715,0.06687049298780522,0.11993832363209536,0.03391718173937751,0.001143298252436642,0.44,1.5665905034697882,0.2661290322580645,11.501106444024051,0.0,0,0,True
wine,class_biased,7,0.30000000000000004,0.9629629629629629,0.9652406417112299,1.0,0.021930651678937534,0.09449130580449606,0.1910800175508226,0.05129320123268107,0.0018525641442572738,0.4533333333333333,1.5782478581621207,0.3064516129032258,16.844841769927214,0.0,0,0,True
wine,class_biased,7,0.4,1.0,1.0,1.0,0.027214162163638065,0.10429415528919578,0.17839585078637507,0.06540958100631349,0.0022985086722464576,0.4533333333333333,1.5614741695383396,0.28225806451612906,18.05983024185675,-0.03703703703703709,0,0,True
wine,class_biased,7,0.5,0.9814814814814815,0.9807538091419407,0.9333333333333333,0.04151521767248463,0.13450976409784107,0.23263674572252854,0.07978176110746663,0.004402724734135388,0.44,1.5355392672476216,0.2661290322580645,24.94550643017261,-0.0185185185185186,0,0,True
wine,class_biased,7,0.6000000000000001,0.9629629629629629,0.9652406417112299,1.0,0.04867223417512267,0.19305925732189297,0.2665360689886949,0.13652720470314697,0.011624643707929483,0.6,1.4217151427275845,0.20161290322580644,32.08089960010293,0.0,0,0,True
wine,class_biased,7,0.7000000000000001,0.9444444444444444,0.9444444444444443,0.8666666666666667,0.06320896193752662,0.2589121479245774,0.4570933629231501,0.1941280967317532,0.022678971837650996,0.6133333333333333,1.1583825967375367,0.10483870967741936,48.2763350822517,0.01851851851851849,0,1,True
wine,class_biased,7,0.8,0.9074074074074074,0.9104264529796445,0.8666666666666667,0.08941924182057767,0.32153641902602836,0.5806581579683174,0.3625245985027047,0.04420946037150775,0.6666666666666666,0.7986778217985082,0.08064516129032258,65.17992050526135,0.05555555555555547,1,1,True
wine,class_biased,7,0.9,0.5555555555555556,0.4772192513368984,0.13333333333333333,0.13079814436190998,0.39431514204561413,0.6937713273925247,0.73559505642757,0.06704947172343267,0.7466666666666667,0.36881276446785516,0.024193548387096774,86.07710644953539,0.40740740740740733,1,1,True
wine,class_biased,7,1.0,0.3888888888888889,0.18666666666666668,0.0,0.1457855604833332,0.43827732096656696,0.8257577300162167,1.5890990233321625,0.07585657248107758,0.7466666666666667,-1.4428232973175175e-12,1.0,99.99999999970085,0.574074074074074,1,0,False
wine,class_biased,21,0.0,0.9444444444444444,0.9460624265378086,1.0,0.0,0.0,2.8812000665914634e-16,0.0,0.0,0.4266666666666667,1.5645394747623322,0.2661290322580645,0.0,0.0,0,0,True
wine,class_biased,21,0.1,0.9629629629629629,0.9635716361522814,1.0,0.007474254526297131,0.052388659464601056,0.09641592223402076,0.015613364020086756,0.0006565342319628797,0.3466666666666667,1.5654941703528351,0.25806451612903225,7.942320308082529,-0.01851851851851849,0,0,True
wine,class_biased,21,0.2,0.9629629629629629,0.9635716361522814,1.0,0.014295699927238562,0.05110086908746195,0.10173508266655745,0.025903935271740224,0.00045004193152320404,0.4,1.5729658442440377,0.27419354838709675,9.43052142508867,-0.01851851851851849,0,0,True
wine,class_biased,21,0.30000000000000004,0.9629629629629629,0.9635716361522814,1.0,0.020813201216780843,0.08111112190391638,0.12419450450413481,0.043262297176982815,0.001909776545914177,0.4,1.5614741695383396,0.28225806451612906,13.219445346577372,-0.01851851851851849,0,0,True
wine,class_biased,21,0.4,0.9629629629629629,0.9635716361522814,1.0,0.02429042528906741,0.07748608767874915,0.19955867828022714,0.057355413117009646,0.0010246478401882975,0.48,1.577643291409849,0.29838709677419356,16.526649408210098,-0.01851851851851849,0,0,True
wine,class_biased,21,0.5,0.9444444444444444,0.9463385494069995,1.0,0.03352960297929004,0.10133052972531534,0.20726399668936654,0.08837240595919858,0.0020922359074242447,0.41333333333333333,1.540251345163603,0.25806451612903225,20.172395304661833,0.0,0,1,True
wine,class_biased,21,0.6000000000000001,0.9074074074074074,0.9082390329383112,0.8666666666666667,0.0368707378094678,0.14373295041638465,0.2175638131447135,0.12254992357960824,0.006026793847576206,0.4666666666666667,1.433381237414308,0.20967741935483872,24.533891016690994,0.03703703703703698,1,1,True
wine,class_biased,21,0.7000000000000001,0.9074074074074074,0.9105820105820106,0.8666666666666667,0.06807423921415721,0.2759679005915098,0.3660233013188212,0.22865554809808358,0.029352280127653563,0.64,1.0789598677050207,0.11290322580645161,46.857313486563015,0.03703703703703698,1,0,True
wine,class_biased,21,0.8,0.9259259259259259,0.9296312882519779,0.9333333333333333,0.09796065441762666,0.36027836007666936,0.565620250637743,0.4235908996050219,0.055100182095626726,0.76,0.7707738481503108,0.07258064516129033,67.82104662680648,0.01851851851851849,0,1,True
wine,class_biased,21,0.9,0.7222222222222222,0.715593331153972,0.5333333333333333,0.1225572382547239,0.41965160824266934,0.6441849148960762,1.107480736518318,0.0740096742589722,0.76,0.4474140818902894,0.03225806451612903,81.97355047046237,0.2222222222222222,1,1,True
wine,class_biased,21,1.0,0.3888888888888889,0.18666666666666668,0.0,0.15079259770465428,0.46412025612442565,0.7960816578625484,1.8619087364324,0.09431682037303979,0.8133333333333334,-1.4428232973175175e-12,1.0,99.99999999970952,0.5555555555555556,1,0,False
wine,class_biased,42,0.0,1.0,1.0,1.0,0.0,0.0,3.0432106604243313e-16,0.0,0.0,0.38666666666666666,1.5645394747623322,0.2661290322580645,0.0,0.0,0,0,True
wine,class_biased,42,0.1,0.9814814814814815,0.981117230527144,1.0,0.007861083990371985,0.04037593725422788,0.09382918592629158,0.01328497852689345,0.00043260464656502684,0.4666666666666667,1.566747359683013,0.27419354838709675,7.011346953294232,0.01851851851851849,0,0,True
wine,class_biased,42,0.2,1.0,1.0,1.0,0.01458486173780377,0.06159612784816341,0.13223189205876815,0.032890867323898204,0.0007897272587542581,0.4266666666666667,1.5582101848751313,0.25,10.869333818827254,0.0,0,0,True
wine,class_biased,42,0.30000000000000004,1.0,1.0,1.0,0.02037606615397676,0.08715809795240019,0.20081088467799216,0.05088342049278957,0.0016531899405880512,0.41333333333333333,1.5612155714352516,0.25,15.77833643008233,0.0,0,0,True
wine,class_biased,42,0.4,0.9814814814814815,0.9828609096901779,1.0,0.026089739750955847,0.095184262020345,0.19342010931379264,0.06148947343140066,0.0025282505012127476,0.56,1.5353397197649197,0.21774193548387097,17.284826839307154,0.01851851851851849,0,0,True
wine,class_biased,42,0.5,1.0,1.0,1.0,0.033436414864722104,0.12138472387113738,0.2654810792685218,0.0992660757104901,0.0030232693672549438,0.4266666666666667,1.5102570578949157,0.20161290322580644,22.931138857668344,0.0,0,0,True
wine,class_biased,42,0.6000000000000001,0.9814814814814815,0.9807538091419407,0.9333333333333333,0.05368374528815157,0.18872299578763144,0.41407139133194293,0.16796842330527817,0.010735458127234754,0.5066666666666667,1.3718538561205125,0.12096774193548387,37.075397744122284,0.01851851851851849,0,1,True
wine,class_biased,42,0.7000000000000001,0.8703703703703703,0.8740740740740741,0.8,0.06110386948815113,0.20144546343546052,0.44360851700334436,0.20441141100253488,0.012325248924709653,0.4666666666666667,1.2458090001459385,0.08870967741935484,41.47172823139668,0.12962962962962965,1,1,True
wine,class_biased,42,0.8,0.7777777777777778,0.762649115590292,0.4666666666666667,0.09677368067707476,0.37145687722834997,0.506163116442786,0.39075818909324705,0.04739057885036435,0.6533333333333333,0.7213340120440784,0.04032258064516129,64.29933704874166,0.2222222222222222,1,1,True
wine,class_biased,42,0.9,0.46296296296296297,0.33753397578453176,0.26666666666666666,0.13707371970163673,0.4799327168656067,0.7368872396712622,1.254543404250111,0.08085451786936648,0.7066666666666667,0.2728792633370206,0.008064516129032258,90.45128491388502,0.537037037037037,1,1,True
wine,class_biased,42,1.0,0.3888888888888889,0.18666666666666668,0.0,0.15137366933122226,0.5042556860909397,0.8155186778652097,1.3007043125669417,0.08605197544519072,0.6933333333333334,-1.4428232973175175e-12,1.0,99.99999999971546,0.6111111111111112,1,0,False
wine,class_biased,77,0.0,0.9814814814814815,0.981117230527144,1.0,0.0,0.0,3.2064234729601644e-16,0.0,0.0,0.38666666666666666,1.5645394747623322,0.2661290322580645,0.0,0.0,0,0,True
wine,class_biased,77,0.1,0.9814814814814815,0.981117230527144,1.0,0.007834794520491014,0.04504249063963897,0.07662833590701844,0.014588977314371913,0.0005283980638257635,0.36,1.5729658442440377,0.27419354838709675,6.4452022465934595,0.0,0,0,True
wine,class_biased,77,0.2,0.9814814814814815,0.981117230527144,1.0,0.012987766039987445,0.05936798748619553,0.10630077277070465,0.03060796748757113,0.0006521178095828528,0.4266666666666667,1.5721898822893965,0.27419354838709675,9.180796213242607,0.0,0,0,True
wine,class_biased,77,0.30000000000000004,0.9629629629629629,0.9619047619047619,0.9333333333333333,0.021204647019782592,0.07412026476782552,0.1339564820655168,0.05017105241338242,0.0012486639901432284,0.41333333333333333,1.540388337416906,0.24193548387096775,12.686509295166218,0.0185185185185186,0,0,True
wine,class_biased,77,0.4,0.9814814814814815,0.981117230527144,1.0,0.02759916763890463,0.10926752789109899,0.22808103243407485,0.07514893504285025,0.0027636064268117266,0.41333333333333333,1.5252418828943473,0.20967741935483872,19.070490754916637,0.0,0,0,True
wine,class_biased,77,0.5,0.9814814814814815,0.9807538091419407,0.9333333333333333,0.037916874641168066,0.16777037137646406,0.26689540894491864,0.10903816699094905,0.00783193789252934,0.49333333333333335,1.5059255628479238,0.18548387096774194,25.609659591128757,0.0,0,1,True
wine,class_biased,77,0.6000000000000001,0.9444444444444444,0.942261427425822,0.8666666666666667,0.040321971765386606,0.1764228828327574,0.2877809313989806,0.10694195124364093,0.008491110774679234,0.52,1.4203517759148547,0.12903225806451613,28.04735466405609,0.03703703703703709,1,1,True
wine,class_biased,77,0.7000000000000001,0.8888888888888888,0.8917359502067148,0.8666666666666667,0.05535751746308918,0.21668124417251045,0.4229325236454914,0.16557642872965356,0.011418237789917907,0.5466666666666666,1.3347192159363916,0.10483870967741936,38.404707521517615,0.09259259259259267,1,1,True
wine,class_biased,77,0.8,0.8518518518518519,0.8558661887694146,0.8,0.06783982174910191,0.2696680870757984,0.5760550473669079,0.21273157160075018,0.017942771442342353,0.6133333333333333,1.143436048665281,0.07258064516129033,50.56362537991448,0.12962962962962965,1,1,True
wine,class_biased,77,0.9,0.7037037037037037,0.6876203046801957,0.4666666666666667,0.11138688907235819,0.3834555954109446,0.7200874701445378,0.46590398628800134,0.05065719458996654,0.6533333333333333,0.5475531549756789,0.03225806451612903,75.41815174683154,0.2777777777777778,1,1,True
wine,class_biased,77,1.0,0.3888888888888889,0.18666666666666668,0.0,0.15739155752509382,0.4747955840784739,0.8909739241177855,1.743272859483437,0.07633181475503026,0.7333333333333333,-1.4428232973175175e-12,1.0,99.99999999972306,0.5925925925925926,1,0,False
wine,class_biased,101,0.0,0.9814814814814815,0.981117230527144,1.0,0.0,0.0,2.5022159669299905e-16,0.0,2.220446049250313e-16,0.37333333333333335,1.5645394747623322,0.2661290322580645,0.0,0.0,0,0,True
wine,class_biased,101,0.1,1.0,1.0,1.0,0.006649382554809116,0.04665745875926918,0.09042053303823278,0.012341840179826175,0.0006261102858000633,0.36,1.5494771924173572,0.25806451612903225,6.724946227923523,-0.01851851851851849,0,0,True
wine,class_biased,101,0.2,0.9814814814814815,0.981117230527144,1.0,0.01638166112069836,0.0652800602690578,0.12974447261802727,0.034315314488386296,0.001109773821996729,0.38666666666666666,1.5404462606658669,0.23387096774193547,10.927961786657868,0.0,0,0,True
wine,class_biased,101,0.30000000000000004,0.9814814814814815,0.981117230527144,1.0,0.022593836220666557,0.11005849829172792,0.14417876180284697,0.05718796032441032,0.002947404054259195,0.49333333333333335,1.5654941703528351,0.25806451612903225,14.605709001546138,0.0,0,0,True
wine,class_biased,101,0.4,0.9814814814814815,0.981117230527144,1.0,0.029722163237349206,0.10425280474373608,0.18449302819868793,0.05886844593098287,0.0020466544473456416,0.4,1.5438527838908396,0.22580645161290322,17.232439061155578,0.0,0,0,True
wine,class_biased,101,0.5,0.9814814814814815,0.9807538091419407,0.9333333333333333,0.03987739066662596,0.11741199257519058,0.1825755812362275,0.09002819475680089,0.0037260581261566728,0.4266666666666667,1.5102570578949157,0.20161290322580644,20.129567117410836,0.0,0,0,True
wine,class_biased,101,0.6000000000000001,0.9814814814814815,0.981117230527144,1.0,0.041258483162339696,0.14297273706497282,0.2385387590242062,0.10178841066437569,0.005673564389530927,0.48,1.4535828837822131,0.16129032258064516,24.04672255721993,0.0,0,1,True
wine,class_biased,101,0.7000000000000001,0.9074074074074074,0.9008710587657957,0.7333333333333333,0.061205667479735756,0.2430458406628921,0.4953013014063176,0.19508001405274422,0.02244140069045697,0.5066666666666667,1.221768617023414,0.06451612903225806,43.5562444914237,0.07407407407407407,1,1,True
wine,class_biased,101,0.8,0.9074074074074074,0.9037331462863377,0.7333333333333333,0.08259426978889108,0.28973508653438773,0.5908834320668636,0.2724598592289688,0.03363578856722338,0.5866666666666667,1.0126006006824897,0.04032258064516129,55.19462498086207,0.07407407407407407,1,1,True
wine,class_biased,101,0.9,0.9074074074074074,0.9104264529796445,0.8666666666666667,0.11297523703308242,0.3994435378341151,0.7479147964892339,0.5940379669890813,0.07119428587235199,0.64,0.619846766091906,0.04838709677419355,75.4925792492852,0.07407407407407407,1,1,True
wine,class_biased,101,1.0,0.3888888888888889,0.18666666666666668,0.0,0.1534526600117206,0.5041105296198387,0.9143449063248923,1.7366968548267099,0.10764571649033594,0.7733333333333333,-1.4428232973175175e-12,1.0,99.9999999997221,0.5925925925925926,1,0,False
wine,gaussian,7,0.0,0.9629629629629629,0.9625,1.0,0.0,0.0,3.121953913800273e-16,0.0,-2.220446049250313e-16,0.4266666666666667,1.5645394747623322,0.2661290322580645,0.0,0.0,0,0,True
wine,gaussian,7,0.1,0.9629629629629629,0.9625,1.0,0.006265209374790633,0.04873197480401185,0.06321458401907581,0.01579180330122285,0.0007065305916706954,0.37333333333333335,1.5728108071505102,0.29838709677419356,16.055775644749932,0.0,0,0,True
wine,gaussian,7,0.2,0.9629629629629629,0.962831806176501,0.9333333333333333,0.016178898008530715,0.06687049298780522,0.11993832363209536,0.03391718173937751,0.001143298252436642,0.44,1.5665905034697882,0.2661290322580645,28.42349110576499,0.0,0,0,True
wine,gaussian,7,0.30000000000000004,0.9814814814814815,0.9827242524916944,1.0,0.022263708156904906,0.09528067076206906,0.19897409552516165,0.050382336833985616,0.002056539496294141,0.48,1.580146154858569,0.3064516129032258,43.0547478739172,-0.0185185185185186,0,0,True
wine,gaussian,7,0.4,0.9814814814814815,0.9827242524916944,1.0,0.03064895773217808,0.10177781037758617,0.18246814065408,0.0720148883596993,0.002332724074105341,0.4533333333333333,1.5758036405734503,0.3064516129032258,45.63778954421932,-0.0185185185185186,0,0,True
wine,gaussian,7,0.5,0.9814814814814815,0.9828609096901779,1.0,0.03299634047531128,0.08761921148954949,0.1733779263851273,0.0773390996455347,0.0011559041156397054,0.44,1.566747359683013,0.27419354838709675,43.570216286747964,-0.0185185185185186,0,0,True
wine,gaussian,7,0.6000000000000001,0.9814814814814815,0.9828609096901779,1.0,0.03396772618938777,0.12455865648120408,0.2084944467927363,0.10054640284172346,0.0033674718899603384,0.5466666666666666,1.5250724784419756,0.22580645161290322,63.09434836359563,-0.0185185185185186,0,1,True
wine,gaussian,7,0.7000000000000001,0.9074074074074074,0.9082590612002376,0.9333333333333333,0.050447506979030436,0.15462551423409993,0.273953796872766,0.12286501119391116,0.004530308711494069,0.4533333333333333,1.5062513682599996,0.21774193548387097,85.53975623873214,0.05555555555555547,1,0,True
wine,gaussian,7,0.8,0.9814814814814815,0.9827242524916944,1.0,0.05543371072194159,0.13889514105178413,0.2776396464558656,0.1587690212471612,0.0034938019426606903,0.41333333333333333,1.5348444039271918,0.25806451612903225,78.23382275091498,-0.0185185185185186,0,1,True
wine,gaussian,7,0.9,0.9074074074074074,0.9094387200556499,1.0,0.06996353294514757,0.16870160739752085,0.290490482296769,0.22087809357122856,0.0037387323306588005,0.38666666666666666,1.5536916075222942,0.25,84.80274215761425,0.05555555555555547,1,1,True
wine,gaussian,7,1.0,0.8888888888888888,0.8919843597262952,0.9333333333333333,0.07577996303708247,0.17112234361827977,0.29374708155767154,0.22755802947051926,0.0038213242631457423,0.64,1.5803213457066243,0.29838709677419356,84.9999999993559,0.07407407407407407,1,0,False
wine,gaussian,21,0.0,0.9444444444444444,0.9460624265378086,1.0,0.0,0.0,2.8812000665914634e-16,0.0,0.0,0.4266666666666667,1.5645394747623322,0.2661290322580645,0.0,0.0,0,0,True
wine,gaussian,21,0.1,0.9629629629629629,0.9635716361522814,1.0,0.007474254526297131,0.052388659464601056,0.09641592223402076,0.015613364020086756,0.0006565342319628797,0.3466666666666667,1.5654941703528351,0.25806451612903225,20.68595336044769,-0.01851851851851849,0,0,True
wine,gaussian,21,0.2,0.9629629629629629,0.9635716361522814,1.0,0.013699406626283151,0.053130508410402566,0.099785577351864,0.025930325004831858,0.0006233859624695803,0.38666666666666666,1.576185938221658,0.28225806451612906,23.79536051554728,-0.01851851851851849,0,0,True
wine,gaussian,21,0.30000000000000004,0.9629629629629629,0.9635716361522814,1.0,0.021515795188150506,0.08631951863957175,0.13467680131792914,0.045405939700512765,0.002169893082721641,0.36,1.5692660277090331,0.2903225806451613,35.44418779997344,-0.01851851851851849,0,0,True
wine,gaussian,21,0.4,0.9629629629629629,0.9635716361522814,1.0,0.029771116983083604,0.10025906585201097,0.21431196997088556,0.07062941360457906,0.002483186038179319,0.49333333333333335,1.5843080810516912,0.3225806451612903,49.320084838856005,-0.01851851851851849,0,0,True
wine,gaussian,21,0.5,0.9629629629629629,0.9635716361522814,1.0,0.03644987078661854,0.13535823491999757,0.23193821285725885,0.10772302690928406,0.004834704660515277,0.4,1.5834766425516595,0.3225806451612903,58.926944793758096,-0.01851851851851849,0,0,True
wine,gaussian,21,0.6000000000000001,0.9629629629629629,0.9656084656084656,1.0,0.04119743382859536,0.15344975827006221,0.24757043653083952,0.11854765517364382,0.005738142293286286,0.49333333333333335,1.5709478285259866,0.28225806451612906,65.12605445826065,-0.01851851851851849,0,0,True
wine,gaussian,21,0.7000000000000001,0.9629629629629629,0.9656084656084656,1.0,0.04765842802684916,0.13305318141024652,0.28388900949468876,0.12148774762222306,0.003842186127493541,0.49333333333333335,1.5692660277090331,0.2903225806451613,68.86586205614404,-0.01851851851851849,0,0,True
wine,gaussian,21,0.8,0.9444444444444444,0.944516632016632,1.0,0.04952562993223502,0.14538179197836223,0.211876321023532,0.13986022683420762,0.004376982820239128,0.5066666666666667,1.576433340462276,0.2903225806451613,63.77230758550285,0.0,0,1,True
wine,gaussian,21,0.9,0.9074074074074074,0.9084434084434084,1.0,0.058564885448517796,0.16861764650588953,0.2651406456514765,0.2004582430488907,0.006731320744763902,0.5066666666666667,1.578550553616831,0.2903225806451613,76.4933212509165,0.03703703703703698,1,1,True
wine,gaussian,21,1.0,0.9074074074074074,0.9085730104612875,0.9333333333333333,0.07048077764623956,0.1790259894739113,0.2763961982965309,0.192549983786526,0.005726401544280613,0.3466666666666667,1.5823126935470206,0.3064516129032258,84.20819641262432,0.03703703703703698,1,0,False
wine,gaussian,42,0.0,1.0,1.0,1.0,0.0,0.0,3.0432106604243313e-16,0.0,0.0,0.38666666666666666,1.5645394747623322,0.2661290322580645,0.0,0.0,0,0,True
wine,gaussian,42,0.1,0.9814814814814815,0.981117230527144,1.0,0.007861083990371985,0.04037593725422788,0.09382918592629158,0.01328497852689345,0.00043260464656502684,0.4666666666666667,1.566747359683013,0.27419354838709675,13.203601707241837,0.01851851851851849,0,0,True
wine,gaussian,42,0.2,1.0,1.0,1.0,0.014963048717737142,0.07129803127773798,0.14241862871179914,0.0330079983476618,0.0012061659361575217,0.41333333333333333,1.5647350905869297,0.25806451612903225,22.228472238412106,0.0,0,0,True
wine,gaussian,42,0.30000000000000004,0.9814814814814815,0.981117230527144,1.0,0.022798256549172977,0.09130436281535123,0.19106919705693046,0.045952593077694996,0.0018380678130918149,0.44,1.5657471171789572,0.25806451612903225,30.403011411623517,0.01851851851851849,0,0,True
wine,gaussian,42,0.4,0.9814814814814815,0.9828609096901779,1.0,0.027730910977470623,0.09012114676682445,0.18392396710333864,0.08568758598748008,0.0016315724367979012,0.4533333333333333,1.5553181687314495,0.24193548387096775,32.720331798923155,0.01851851851851849,0,0,True
wine,gaussian,42,0.5,0.9814814814814815,0.9828609096901779,1.0,0.03649635182163852,0.10254367954050563,0.1922341107128929,0.09194026099926698,0.0012832173309891282,0.4266666666666667,1.5616951713063845,0.25806451612903225,37.15312090227654,0.01851851851851849,0,0,True
wine,gaussian,42,0.6000000000000001,0.9814814814814815,0.9807538091419407,0.9333333333333333,0.04569713056067966,0.13119586887850618,0.31155965071683384,0.12427119629304823,0.0037685858950384787,0.41333333333333333,1.4741189151346143,0.1693548387096774,61.07295819256026,0.01851851851851849,0,1,True
wine,gaussian,42,0.7000000000000001,0.9074074074074074,0.9104466592838687,0.9333333333333333,0.04963374773141071,0.1620945173880881,0.31495052362057135,0.14484830998073012,0.0055870561491730975,0.4666666666666667,1.4949251752094557,0.1774193548387097,63.663369997407315,0.09259259259259256,1,1,True
wine,gaussian,42,0.8,0.9629629629629629,0.9638304224511122,0.9333333333333333,0.06059152044063709,0.17397679678079714,0.27961585755794705,0.14814325997076755,0.006361154159571392,0.49333333333333335,1.4773015286842528,0.1693548387096774,68.74455201893775,0.03703703703703709,1,1,True
wine,gaussian,42,0.9,0.9259259259259259,0.9275971258068445,0.8666666666666667,0.07182898863992188,0.20507304692236333,0.35612296090261786,0.21395111174938977,0.009145950431017624,0.5066666666666667,1.4758734198168773,0.16129032258064516,81.31049079423873,0.07407407407407407,1,1,True
wine,gaussian,42,1.0,0.8888888888888888,0.8821428571428571,0.6666666666666666,0.0791542901555958,0.241036755613846,0.4663121289282083,0.31108291648765846,0.013685822411153126,0.5066666666666667,1.4302771162969354,0.13709677419354838,99.99999999945294,0.11111111111111116,1,0,False
wine,gaussian,77,0.0,0.9814814814814815,0.981117230527144,1.0,0.0,0.0,3.2064234729601644e-16,0.0,0.0,0.38666666666666666,1.5645394747623322,0.2661290322580645,0.0,0.0,0,0,True
wine,gaussian,77,0.1,0.9814814814814815,0.981117230527144,1.0,0.007834794520491014,0.04504249063963897,0.07662833590701844,0.014588977314371913,0.0005283980638257635,0.36,1.5729658442440377,0.27419354838709675,13.219418010716433,0.0,0,0,True
wine,gaussian,77,0.2,0.9629629629629629,0.9638504864311316,1.0,0.012753988403970988,0.06174854120646202,0.11404605285536919,0.034363675915727136,0.0007390501051363074,0.4266666666666667,1.5746163637806865,0.28225806451612906,19.505540676266904,0.0185185185185186,0,0,True
wine,gaussian,77,0.30000000000000004,1.0,1.0,1.0,0.022682026499450593,0.06657923344215876,0.13233754979645726,0.043779966321329127,0.0009137424299821006,0.4,1.5533054182254729,0.25806451612903225,36.31853592531479,-0.01851851851851849,0,0,True
wine,gaussian,77,0.4,1.0,1.0,1.0,0.029014523202499566,0.10425312656824492,0.20109118347428792,0.07120181770334456,0.0021239644563941784,0.4666666666666667,1.549295925848102,0.23387096774193547,51.521058138230735,-0.01851851851851849,0,0,True
wine,gaussian,77,0.5,0.9814814814814815,0.981117230527144,1.0,0.035237753128225316,0.15832323122348602,0.20167751039372786,0.08820283765033907,0.0069352149001977725,0.4,1.5506721691782153,0.25,59.04130391751752,0.0,0,1,True
wine,gaussian,77,0.6000000000000001,0.9444444444444444,0.943351691581432,0.9333333333333333,0.04416190831230254,0.10771401739005369,0.21564889016777344,0.11024334440895384,0.0023955494772083252,0.49333333333333335,1.5562034892595848,0.25,52.222709755083066,0.03703703703703709,1,1,True
wine,gaussian,77,0.7000000000000001,0.9444444444444444,0.94499815430048,0.9333333333333333,0.04866191528757047,0.13393044163083123,0.23424917634208617,0.14551638176200357,0.003233706701874839,0.5066666666666667,1.5651653140561252,0.28225806451612906,50.06968078655187,0.03703703703703709,1,0,True
wine,gaussian,77,0.8,0.9814814814814815,0.981117230527144,1.0,0.05364665495125747,0.16186185480096876,0.36648031105880285,0.15797829528959614,0.005886855387086554,0.52,1.5831857463098842,0.31451612903225806,63.596546705435756,0.0,0,1,True
wine,gaussian,77,0.9,0.9444444444444444,0.9466756817669597,0.9333333333333333,0.06554413896419174,0.19543691967060908,0.41489344709490117,0.21670761271245714,0.00840336542469533,0.5466666666666666,1.5647350905869297,0.25806451612903225,75.38292598016942,0.03703703703703709,1,0,True
wine,gaussian,77,1.0,0.9629629629629629,0.961038961038961,0.8666666666666667,0.0734247746494491,0.21472493877944265,0.48152953709263013,0.2058903567843347,0.010547594559372264,0.5066666666666667,1.5696620744770076,0.2661290322580645,84.99999999941268,0.0185185185185186,0,0,False
wine,gaussian,101,0.0,0.9814814814814815,0.981117230527144,1.0,0.0,0.0,2.5022159669299905e-16,0.0,2.220446049250313e-16,0.37333333333333335,1.5645394747623322,0.2661290322580645,0.0,0.0,0,0,True
wine,gaussian,101,0.1,1.0,1.0,1.0,0.006649382554809116,0.04665745875926918,0.09042053303823278,0.012341840179826175,0.0006261102858000633,0.36,1.5494771924173572,0.25806451612903225,32.39644068451991,-0.01851851851851849,0,0,True
wine,gaussian,101,0.2,0.9814814814814815,0.981117230527144,1.0,0.01753323605561858,0.06283635510149217,0.128776370695558,0.03510308871790088,0.0007267900380845127,0.41333333333333333,1.5582101848751313,0.25,33.7272557928928,0.0,0,0,True
wine,gaussian,101,0.30000000000000004,0.9814814814814815,0.981117230527144,1.0,0.02548760178862706,0.12131843652723692,0.14610720604625493,0.06597874018134577,0.0037230784277335616,0.4533333333333333,1.5647350905869297,0.25806451612903225,40.46976816843665,0.0,0,0,True
wine,gaussian,101,0.4,0.9814814814814815,0.981117230527144,1.0,0.02987016149683604,0.10052320711386109,0.16029429671475276,0.06481795531841664,0.0019394634590219617,0.4666666666666667,1.5607150604515472,0.25,44.295355594064425,0.0,0,0,True
wine,gaussian,101,0.5,0.9629629629629629,0.9619047619047619,0.9333333333333333,0.0367047869418798,0.10336538325860078,0.151968805757194,0.08312723819588184,0.0015823135510670827,0.44,1.5506721691782153,0.25,56.63969711950374,0.0185185185185186,0,0,True
wine,gaussian,101,0.6000000000000001,0.9629629629629629,0.9619047619047619,0.9333333333333333,0.0355414365471646,0.10198645572636635,0.14763537667594473,0.09506468296170109,0.0015454672209640474,0.4666666666666667,1.5746163637806865,0.28225806451612906,41.787080520212676,0.0185185185185186,0,1,True
wine,gaussian,101,0.7000000000000001,0.8888888888888888,0.8894179894179893,0.8666666666666667,0.05092588770466016,0.11339850293797446,0.16233906940534107,0.12298737340356601,0.0015834020046272546,0.4666666666666667,1.578550553616831,0.2903225806451613,50.77807639597944,0.09259259259259267,1,0,True
wine,gaussian,101,0.8,0.9629629629629629,0.9635716361522814,1.0,0.053344528137088905,0.12061085141251991,0.23636918594094183,0.1011771841082676,0.0019065547047765197,0.4533333333333333,1.576185938221658,0.28225806451612906,59.399134852981994,0.0185185185185186,0,1,True
wine,gaussian,101,0.9,0.9444444444444444,0.944516632016632,1.0,0.06838996552616455,0.15135489538609123,0.33449713871239656,0.17266471805427264,0.004052294276287949,0.6,1.5803213457066243,0.29838709677419356,78.50551581796151,0.03703703703703709,1,1,True
wine,gaussian,101,1.0,0.9259259259259259,0.9269005847953217,0.9333333333333333,0.07642288604708504,0.174703215822789,0.3294927616416336,0.20634358006668083,0.006489215950366001,0.56,1.5782478581621207,0.3064516129032258,84.551173104471,0.05555555555555558,1,0,False
wine,tail_suppression,7,0.0,0.9629629629629629,0.9625,1.0,0.0,0.0,3.121953913800273e-16,0.0,-2.220446049250313e-16,0.4266666666666667,1.5645394747623322,0.2661290322580645,0.0,0.0,0,0,True
wine,tail_suppression,7,0.1,0.9814814814814815,0.981117230527144,1.0,0.005959949188612313,0.05418471049376708,0.07479319575299279,0.014729647977024066,0.0008841415099081207,0.4,1.5728108071505102,0.29838709677419356,9.721139928552422,-0.0185185185185186,0,0,True
wine,tail_suppression,7,0.2,0.9814814814814815,0.9828609096901779,1.0,0.016746625221435704,0.06433966844468587,0.12417867247093521,0.03670480651334151,0.0008137054470198635,0.37333333333333335,1.5665905034697882,0.2661290322580645,14.855897918754959,-0.0185185185185186,0,0,True
wine,tail_suppression,7,0.30000000000000004,0.9629629629629629,0.9638504864311316,1.0,0.018464264496036137,0.08166035532116299,0.1728320987143366,0.05048045823765624,0.0014929568627390921,0.48,1.580146154858569,0.3064516129032258,19.640043108546813,0.0,0,0,True
wine,tail_suppression,7,0.4,1.0,1.0,1.0,0.02687248243306836,0.1138821658008815,0.18432836572328098,0.077294534772358,0.003372969122495739,0.4666666666666667,1.5758036405734503,0.3064516129032258,23.611634461433773,-0.03703703703703709,0,0,True
wine,tail_suppression,7,0.5,1.0,1.0,1.0,0.03744475156404556,0.1298646340464431,0.2418462052981162,0.0974064567709321,0.004837182201585799,0.4266666666666667,1.566747359683013,0.27419354838709675,29.71906641975748,-0.03703703703703709,0,0,True
wine,tail_suppression,7,0.6000000000000001,0.9814814814814815,0.9827242524916944,1.0,0.046399069758250505,0.1248235621500217,0.24798830851131526,0.14030968637806943,0.005064844067233398,0.49333333333333335,1.5250724784419756,0.22580645161290322,40.74485042167421,-0.0185185185185186,0,0,True
wine,tail_suppression,7,0.7000000000000001,0.9444444444444444,0.9474747474747475,1.0,0.05614838313232903,0.17809039361727264,0.3111424242709514,0.21708829130870305,0.01122832255627837,0.5333333333333333,1.5062513682599996,0.21774193548387097,54.79347880735765,0.01851851851851849,0,0,True
wine,tail_suppression,7,0.8,0.9629629629629629,0.9638504864311316,1.0,0.0904424933330725,0.2109312332176052,0.33923452970445295,0.3723718552906958,0.012834240056970758,0.49333333333333335,1.540251345163603,0.25806451612903225,53.58484357968657,0.0,0,0,True
wine,tail_suppression,7,0.9,0.9814814814814815,0.981117230527144,1.0,0.17498368431447262,0.2946701304030225,0.4200617503615514,1.4645136572745845,0.02479019789507264,0.5733333333333334,1.5562034892595848,0.25,69.0698927620484,-0.0185185185185186,0,1,True
wine,tail_suppression,7,1.0,0.9259259259259259,0.9220779220779222,0.8,0.32533347544895336,0.3343564686638011,0.43822966819165976,5.578894161142272,0.024486947727715425,0.5866666666666667,1.5808563894107532,0.29838709677419356,84.99999999976457,0.03703703703703698,1,0,False
wine,tail_suppression,21,0.0,0.9444444444444444,0.9460624265378086,1.0,0.0,0.0,2.8812000665914634e-16,0.0,0.0,0.4266666666666667,1.5645394747623322,0.2661290322580645,0.0,0.0,0,0,True
wine,tail_suppression,21,0.1,0.9629629629629629,0.9635716361522814,1.0,0.0076833955897939645,0.05245618634468808,0.09772783228627344,0.016611589820994484,0.0007105897949304385,0.38666666666666666,1.5654941703528351,0.25806451612903225,11.043544858575757,-0.01851851851851849,0,0,True
wine,tail_suppression,21,0.2,0.9259259259259259,0.9273148148148148,1.0,0.012518408089439891,0.060366149075239406,0.1169901187110186,0.03204778961528559,0.0009762849555874364,0.3466666666666667,1.576185938221658,0.28225806451612906,13.370203731750477,0.01851851851851849,0,0,True
wine,tail_suppression,21,0.30000000000000004,0.9629629629629629,0.9635716361522814,1.0,0.017124962627655407,0.08797550616160164,0.12748765101686277,0.046909893451528864,0.0024564757915161994,0.3466666666666667,1.5692660277090331,0.2903225806451613,16.469474164824007,-0.01851851851851849,0,0,True
wine,tail_suppression,21,0.4,0.9444444444444444,0.944516632016632,1.0,0.02653965241467539,0.12136562899357371,0.23698138457926402,0.0830273461418926,0.004146004750356758,0.41333333333333333,1.5843080810516912,0.3225806451612903,27.13318568384947,0.0,0,0,True
wine,tail_suppression,21,0.5,0.9259259259259259,0.9273148148148148,1.0,0.036509739967054915,0.15450388885168181,0.2674740401636767,0.1450034460167406,0.007010168090351154,0.38666666666666666,1.5834766425516595,0.3225806451612903,32.492079493665386,0.01851851851851849,0,0,True
wine,tail_suppression,21,0.6000000000000001,0.9444444444444444,0.9443785248663298,0.9333333333333333,0.03902400463632701,0.16712668611016712,0.22555466996609017,0.1288459716497208,0.0080894213658389,0.4666666666666667,1.5730451989548797,0.28225806451612906,30.7901375112755,0.0,0,1,True
wine,tail_suppression,21,0.7000000000000001,0.9074074074074074,0.9112719356309666,1.0,0.06659984554764282,0.17641081517946297,0.2923648785433897,0.27012817305153036,0.007721718039925385,0.5333333333333333,1.5692660277090331,0.2903225806451613,38.62650764597538,0.03703703703703698,1,1,True
wine,tail_suppression,21,0.8,0.9074074074074074,0.908480595980596,1.0,0.10099246415668689,0.22234500020106912,0.3569191550001541,0.4583280497789076,0.009836082472264085,0.6266666666666667,1.5745783758500211,0.2903225806451613,49.55028844296307,0.03703703703703698,1,1,True
wine,tail_suppression,21,0.9,0.8333333333333334,0.8382565257565258,1.0,0.19065065000176976,0.30283831425859786,0.4294268961470709,1.4852261411116496,0.017348528671978558,0.6266666666666667,1.5756629230931392,0.28225806451612906,68.78832708321994,0.11111111111111105,1,1,True
wine,tail_suppression,21,1.0,0.9074074074074074,0.9101003442466857,0.9333333333333333,0.31031085982269124,0.35501332010986236,0.443761804582625,5.581298345971707,0.026671108223213835,0.6933333333333334,1.5823126935470206,0.3064516129032258,84.99999999976531,0.03703703703703698,1,0,False
wine,tail_suppression,42,0.0,1.0,1.0,1.0,0.0,0.0,3.0432106604243313e-16,0.0,0.0,0.38666666666666666,1.5645394747623322,0.2661290322580645,0.0,0.0,0,0,True
wine,tail_suppression,42,0.1,1.0,1.0,1.0,0.006986919973955858,0.040157249368114385,0.09967058551541483,0.01424627729653294,0.0002691651110311444,0.38666666666666666,1.5638889266834708,0.27419354838709675,8.761391442780889,0.0,0,0,True
wine,tail_suppression,42,0.2,0.9814814814814815,0.9828609096901779,1.0,0.0130036967079305,0.0639005743581749,0.11016099655834817,0.031730212434963774,0.0007451108690370578,0.4533333333333333,1.563469158658068,0.25806451612903225,11.586962176014344,0.01851851851851849,0,1,True
wine,tail_suppression,42,0.30000000000000004,0.9629629629629629,0.9656084656084656,1.0,0.01863513598172558,0.07961109468151585,0.1706318591323661,0.05108131905888987,0.0016665089881469086,0.4266666666666667,1.5657471171789572,0.25806451612903225,16.315157527389097,0.03703703703703709,1,0,True
wine,tail_suppression,42,0.4,1.0,1.0,1.0,0.020984544770789964,0.08029967405591854,0.15526473625350476,0.057898540900848956,0.0017988987000268075,0.49333333333333335,1.5553181687314495,0.24193548387096775,16.831716405118257,0.0,0,1,True
wine,tail_suppression,42,0.5,0.9444444444444444,0.9463385494069995,1.0,0.03552658525870933,0.12689957204163135,0.21647029221864406,0.12070947971584488,0.0044950578319657986,0.4533333333333333,1.5616951713063845,0.25806451612903225,24.015866304328373,0.05555555555555558,1,0,True
wine,tail_suppression,42,0.6000000000000001,0.9814814814814815,0.9807538091419407,0.9333333333333333,0.05001168233461862,0.17232448109336854,0.32902483968755203,0.15762234759485863,0.010452491417991316,0.6,1.4741189151346143,0.1693548387096774,44.32837886345753,0.01851851851851849,0,1,True
wine,tail_suppression,42,0.7000000000000001,0.9629629629629629,0.9638304224511122,0.9333333333333333,0.05751653135516928,0.17100396862759387,0.3064231599278714,0.21746296780156824,0.00827963997006731,0.49333333333333335,1.4933256984250813,0.1774193548387097,41.70913818647393,0.03703703703703709,1,1,True
wine,tail_suppression,42,0.8,0.8888888888888888,0.8968253968253969,1.0,0.0950063993616972,0.22576898025317765,0.4053370487550113,0.5359907802275804,0.013900749328189965,0.5466666666666666,1.4773015286842528,0.1693548387096774,56.40732047929489,0.11111111111111116,1,1,True
wine,tail_suppression,42,0.9,0.9074074074074074,0.9115598682868549,1.0,0.1576365882527554,0.3111627553687907,0.5046321419609273,1.2133623670755216,0.024219585549977163,0.64,1.4758734198168773,0.16129032258064516,74.23836087177263,0.09259259259259256,1,1,True
wine,tail_suppression,42,1.0,0.7962962962962963,0.7965503965503965,0.6666666666666666,0.27811118060091233,0.37692462251924563,0.5672180870835237,5.3461113622354555,0.03550585193616751,0.6666666666666666,1.4302771162969354,0.13709677419354838,99.99999999977292,0.20370370370370372,1,0,False
wine,tail_suppression,77,0.0,0.9814814814814815,0.981117230527144,1.0,0.0,0.0,3.2064234729601644e-16,0.0,0.0,0.38666666666666666,1.5645394747623322,0.2661290322580645,0.0,0.0,0,0,True
wine,tail_suppression,77,0.1,1.0,1.0,1.0,0.007300015441698527,0.03952692221886922,0.08657804983884054,0.014914684584799219,0.00039005222216026425,0.37333333333333335,1.5721898822893965,0.27419354838709675,8.818690794706265,-0.01851851851851849,0,1,True
wine,tail_suppression,77,0.2,0.9444444444444444,0.9463836547372138,1.0,0.011769489834653622,0.05861399965197078,0.12104608312077572,0.03282753111643934,0.0007444367653464123,0.48,1.5746163637806865,0.28225806451612906,12.721386849648717,0.03703703703703709,1,0,True
wine,tail_suppression,77,0.30000000000000004,1.0,1.0,1.0,0.017493989724448576,0.07241402185250886,0.1353907249355714,0.04666765210493813,0.0015250140181339855,0.41333333333333333,1.5533054182254729,0.25806451612903225,26.200807863587666,-0.01851851851851849,0,0,True
wine,tail_suppression,77,0.4,1.0,1.0,1.0,0.027141886822680816,0.0993377520011771,0.1976194896922886,0.07269157955046936,0.0023341949474782187,0.49333333333333335,1.549295925848102,0.23387096774193547,36.83196317889084,-0.01851851851851849,0,0,True
wine,tail_suppression,77,0.5,1.0,1.0,1.0,0.033317344373890286,0.1351721083623933,0.20567622082924666,0.11561014688318995,0.004701990074199358,0.4666666666666667,1.5506721691782153,0.25,39.08647533326593,-0.01851851851851849,0,0,True
wine,tail_suppression,77,0.6000000000000001,0.9814814814814815,0.9827242524916944,1.0,0.03456765587018333,0.11401286000312234,0.226199283756566,0.09682659939545482,0.0040412997364238645,0.52,1.5562034892595848,0.25,33.57151177456327,0.0,0,0,True
wine,tail_suppression,77,0.7000000000000001,0.9629629629629629,0.9638504864311316,1.0,0.0515306890738673,0.1464605833422331,0.2818965043464585,0.1673064004583846,0.0059480660478208325,0.5066666666666667,1.5651653140561252,0.28225806451612906,32.782465297295985,0.0185185185185186,0,1,True
wine,tail_suppression,77,0.8,0.9444444444444444,0.9474747474747475,1.0,0.09755011292027212,0.20043409326967912,0.3757303052316043,0.4621161358412921,0.010593838882444695,0.6133333333333333,1.5815006084871195,0.3064516129032258,47.00851959372593,0.03703703703703709,1,0,True
wine,tail_suppression,77,0.9,0.9814814814814815,0.9827242524916944,1.0,0.1558271548972036,0.298096544408546,0.4614504401962751,1.0914395106733505,0.02126861009090608,0.72,1.563469158658068,0.25806451612903225,66.06576965721935,0.0,0,1,True
wine,tail_suppression,77,1.0,0.9444444444444444,0.9466756817669597,0.9333333333333333,0.29331913957975114,0.3611435824824535,0.48677375136481094,5.226871767238853,0.02809388769190302,0.7866666666666666,1.5696620744770076,0.2661290322580645,84.99999999976686,0.03703703703703709,1,0,False
wine,tail_suppression,101,0.0,0.9814814814814815,0.981117230527144,1.0,0.0,0.0,2.5022159669299905e-16,0.0,2.220446049250313e-16,0.37333333333333335,1.5645394747623322,0.2661290322580645,0.0,0.0,0,0,True
wine,tail_suppression,101,0.1,0.9629629629629629,0.961038961038961,0.8666666666666667,0.007012079059895189,0.05017234781128209,0.08219574084995623,0.01648379073952278,0.0007598885505997188,0.3466666666666667,1.5494771924173572,0.25806451612903225,24.382191721648894,0.0185185185185186,0,0,True
wine,tail_suppression,101,0.2,0.9814814814814815,0.981117230527144,1.0,0.014384860597172495,0.0503527486663623,0.10262771425846315,0.025480197977873247,0.00040462301935106915,0.32,1.5582101848751313,0.25,17.63817716393002,0.0,0,0,True
wine,tail_suppression,101,0.30000000000000004,0.9814814814814815,0.981117230527144,1.0,0.020982999569933387,0.0935890951954533,0.16301765149951938,0.05041530831874441,0.0023458142442818186,0.41333333333333333,1.5647350905869297,0.25806451612903225,18.855263752306634,0.0,0,0,True
wine,tail_suppression,101,0.4,0.9814814814814815,0.981117230527144,1.0,0.026194455066390773,0.08744135214270471,0.17816558082236034,0.07910827311589765,0.0014545544974364777,0.4266666666666667,1.5607150604515472,0.25,23.60916892648565,0.0,0,0,True
wine,tail_suppression,101,0.5,0.9814814814814815,0.981117230527144,1.0,0.03604337875802854,0.10984539831116846,0.23403345462577263,0.09922906139262198,0.003439220203123483,0.5066666666666667,1.5506721691782153,0.25,39.599424896271934,0.0,0,0,True
wine,tail_suppression,101,0.6000000000000001,0.9629629629629629,0.9635716361522814,1.0,0.03505257745027231,0.10812402601358496,0.21366541077141804,0.1131468044385607,0.002468331639988719,0.4533333333333333,1.5746163637806865,0.28225806451612906,24.352276777912003,0.0185185185185186,0,1,True
wine,tail_suppression,101,0.7000000000000001,0.9444444444444444,0.943351691581432,0.9333333333333333,0.05353943372614488,0.15372356826519806,0.3006329801972668,0.2260695397498613,0.0064404793368413316,0.5066666666666667,1.578550553616831,0.2903225806451613,34.801045832223224,0.03703703703703709,1,0,True
wine,tail_suppression,101,0.8,0.9814814814814815,0.981117230527144,1.0,0.09801927082987621,0.2042016135218405,0.39807355540190204,0.6249347477415061,0.010889025911519745,0.5066666666666667,1.5788149999631487,0.2903225806451613,48.80398495370426,0.0,0,0,True
wine,tail_suppression,101,0.9,0.9814814814814815,0.981117230527144,1.0,0.1618582173462884,0.2550714091728152,0.4569976901644516,0.9624547871594069,0.015193698874670813,0.5333333333333333,1.5808563894107535,0.29838709677419356,62.45906948384133,0.0,0,1,True
wine,tail_suppression,101,1.0,0.8888888888888888,0.891812865497076,0.9333333333333333,0.304381514484151,0.32892549026040285,0.5055373081003749,5.301977197592834,0.022564988930679375,0.6133333333333333,1.5834766425516598,0.3225806451612903,84.99999999976609,0.09259259259259267,1,0,False
